:020000040800F2
:1000000000000220C9280008B1260008B726000811
:10001000BD260008C3260008C9260008000000000D
:10002000000000000000000000000000CF260008D3
:10003000DD26000800000000EB260008F926000875
:100040001929000819290008192900081929000888
:100050001929000819290008192900081929000878
:100060001929000819290008192900081929000868
:100070001929000819290008192900081929000858
:100080001929000819290008192900081929000848
:100090001929000819290008192900081929000838
:1000A0001929000819290008192900081929000828
:1000B000192900080527000819290008192900082E
:1000C0001929000819290008192900081929000808
:1000D00019290008192900081929000819290008F8
:1000E00019290008192900081929000819290008E8
:1000F00019290008192900081929000819290008D8
:1001000019290008192900081929000819290008C7
:1001100019290008192900081929000819290008B7
:1001200019290008192900081929000819290008A7
:100130001929000819290008192900081929000897
:100140001929000819290008192900081929000887
:100150001929000819290008192900081929000877
:100160001929000819290008192900081929000867
:1001700019290008192900081929000800000000A1
:080180001929000819290008E3
:1001900010B5054C237833B9044B13B10448AFF3C1
:1001A00000800123237010BDE80100200000000042
:1001B000B08A000808B5034B1BB103490348AFF3ED
:1001C000008008BD00000000EC010020B08A00089B
:1001D00001F0FF01102A2BDB10F0070F08D010F8F8
:1001E000013B013A8B422DD010F0070F42B3F6D1FC
:1001F000F0B441EA012141EA014122F007047FF015
:1002000000070023F0E80256083C85EA010586EA6B
:10021000010685FA47F5A3FA87F586FA47F6A5FAA7
:1002200087F68EB9EED1F0BC01F0FF0102F00702B3
:1002300032B110F8013B013A83EA010313B1F8D15E
:100240000020704701387047002D06BF354603383F
:10025000073815F0010F07D1013015F4807F02BF78
:10026000013015F4C03F0130F0BC0138704700BFC9
:10027000034613F8012B002AFBD1181A01387047E6
:1002800081F0004102E000BF83F0004330B54FEA47
:1002900041044FEA430594EA050F08BF90EA020FB4
:1002A0001FBF54EA000C55EA020C7FEA645C7FEA47
:1002B000655C00F0E2804FEA5454D4EB5555B8BF6A
:1002C0006D420CDD2C4480EA020281EA030382EADB
:1002D000000083EA010180EA020281EA0303362D6D
:1002E00088BF30BD11F0004F4FEA01314FF4801C40
:1002F0004CEA113102D0404261EB410113F0004F52
:100300004FEA03334CEA133302D0524263EB430308
:1003100094EA050F00F0A780A4F10104D5F1200EA6
:100320000DDB02FA0EFC22FA05F2801841F1000101
:1003300003FA0EF2801843FA05F359410EE0A5F1D5
:1003400020050EF1200E012A03FA0EFC28BF4CF006
:10035000020C43FA05F3C01851EBE37101F00045BC
:1003600007D54FF0000EDCF1000C7EEB00006EEBC9
:100370000101B1F5801F1BD3B1F5001F0CD3490853
:100380005FEA30004FEA3C0C04F101044FEA4452AA
:1003900012F5800F80F09A80BCF1004F08BF5FEA31
:1003A000500C50F1000041EB045141EA050130BD11
:1003B0005FEA4C0C404141EB0101013C28BFB1F523
:1003C000801FE9D291F0000F04BF01460020B1FA6E
:1003D00081F308BF2033A3F10B03B3F120020CDA41
:1003E0000C3208DD02F1140CC2F10C0201FA0CF01F
:1003F00021FA02F10CE002F11402D8BFC2F1200C84
:1004000001FA02F120FA0CFCDCBF41EA0C01904039
:10041000E41AA2BF01EB0451294330BD6FEA040482
:100420001F3C1CDA0C340EDC04F11404C4F120026D
:1004300020FA04F001FA02F340EA030021FA04F37F
:1004400045EA030130BDC4F10C04C4F1200220FAD6
:1004500002F001FA04F340EA0300294630BD21FA14
:1004600004F0294630BD94F0000F83F4801306BFDA
:1004700081F480110134013D4EE77FEA645C18BFCE
:100480007FEA655C29D094EA050F08BF90EA020F65
:1004900005D054EA000C04BF1946104630BD91EA5D
:1004A000030F1EBF0021002030BD5FEA545C05D160
:1004B0004000494128BF41F0004130BD14F580049F
:1004C0003CBF01F5801130BD01F0004545F0FE4113
:1004D00041F470014FF0000030BD7FEA645C1ABF48
:1004E000194610467FEA655C1CBF0B46024650EA7F
:1004F000013406BF52EA033591EA030F41F40021AB
:1005000030BD00BF90F0000F04BF0021704730B530
:100510004FF4806404F132044FF000054FF0000105
:1005200050E700BF90F0000F04BF0021704730B5C6
:100530004FF4806404F1320410F0004548BF40429B
:100540004FF000013EE700BF42004FEAE2014FEAF0
:1005500031014FEA02701FBF12F07F4393F07F4FCB
:1005600081F06051704732F07F4208BF704793F0CE
:100570007F4F04BF41F40021704730B54FF46074E1
:1005800001F0004521F000411CE700BF50EA0102E4
:1005900008BF704730B54FF000050AE050EA01028D
:1005A00008BF704730B511F0004502D5404261EBFD
:1005B00041014FF4806404F132045FEA915C3FF43E
:1005C000D8AE4FF003025FEADC0C18BF03325FEADB
:1005D000DC0C18BF033202EBDC02C2F1200300FA8C
:1005E00003FC20FA02F001FA03FE40EA0E0021FAB1
:1005F00002F11444BDE600BF70B54FF0FF0C4CF49F
:10060000E06C1CEA11541DBF1CEA135594EA0C0F50
:1006100095EA0C0F00F0DEF82C4481EA030621EA8B
:100620004C5123EA4C5350EA013518BF52EA0335C6
:1006300041F4801143F4801338D0A0FB02CE4FF078
:100640000005E1FB02E506F00042E0FB03E54FF0A8
:100650000006E1FB03569CF0000F18BF4EF0010EA0
:10066000A4F1FF04B6F5007F64F5407404D25FEA9C
:100670004E0E6D4146EB060642EAC62141EA55514F
:100680004FEAC52040EA5E504FEACE2EB4F1FD0C91
:1006900088BFBCF5E06F1ED8BEF1004F08BF5FEA0F
:1006A000500E50F1000041EB045170BD06F00046C1
:1006B00046EA010140EA020081EA0301B4EB5C046E
:1006C000C2BFD4EB0C0541EA045170BD41F4801166
:1006D0004FF0000E013C00F3AB8014F1360FDEBF8B
:1006E000002001F0004170BDC4F10004203C35DA67
:1006F0000C341BDC04F11404C4F1200500FA05F3EA
:1007000020FA04F001FA05F240EA020001F000428A
:1007100021F0004110EBD37021FA04F642EB060100
:100720005EEA430E08BF20EAD37070BDC4F10C042A
:10073000C4F1200500FA04F320FA05F001FA04F2EE
:1007400040EA020001F0004110EBD37041F10001DA
:100750005EEA430E08BF20EAD37070BDC4F12005E5
:1007600000FA05F24EEA020E20FA04F301FA05F24D
:1007700043EA020321FA04F001F0004121FA04F2F5
:1007800020EA020000EBD3705EEA430E08BF20EAC5
:10079000D37070BD94F0000F0FD101F000464000FF
:1007A00041EB010111F4801F08BF013CF7D041EA81
:1007B000060195F0000F18BF704703F00046520085
:1007C00043EB030313F4801F08BF013DF7D043EA56
:1007D0000603704794EA0C0F0CEA135518BF95EA0C
:1007E0000C0F0CD050EA410618BF52EA4306D1D193
:1007F00081EA030101F000414FF0000070BD50EAB2
:10080000410606BF1046194652EA430619D094EA3B
:100810000C0F02D150EA013613D195EA0C0F05D125
:1008200052EA03361CBF104619460AD181EA030179
:1008300001F0004141F0FE4141F470014FF0000031
:1008400070BD41F0FE4141F4780170BD70B54FF0CC
:10085000FF0C4CF4E06C1CEA11541DBF1CEA13554C
:1008600094EA0C0F95EA0C0F00F0A7F8A4EB05042E
:1008700081EA030E52EA03354FEA013100F0888025
:100880004FEA03334FF0805545EA131343EA1263EE
:100890004FEA022245EA111545EA10654FEA0026A3
:1008A0000EF000419D4208BF964244F1FD0404F55C
:1008B000407402D25B084FEA3202B61A65EB0305B8
:1008C0005B084FEA32024FF480104FF4002CB6EB75
:1008D000020E75EB030E22BFB61A754640EA0C00F5
:1008E0005B084FEA3202B6EB020E75EB030E22BF35
:1008F000B61A754640EA5C005B084FEA3202B6EB76
:10090000020E75EB030E22BFB61A754640EA9C0034
:100910005B084FEA3202B6EB020E75EB030E22BF04
:10092000B61A754640EADC0055EA060E18D04FEAC2
:10093000051545EA16754FEA06164FEAC30343EA62
:1009400052734FEAC2025FEA1C1CC0D111F4801F2F
:100950000BD141EA00014FF000004FF0004CB6E728
:1009600011F4801F04BF01430020B4F1FD0C88BFC7
:10097000BCF5E06F3FF6AFAEB5EB030C04BFB6EBD2
:10098000020C5FEA500C50F1000041EB045170BDC5
:100990000EF0004E4EEA113114EB5C04C2BFD4EBF2
:1009A0000C0541EA045170BD41F480114FF0000E76
:1009B000013C90E645EA060E8DE60CEA135594EAF2
:1009C0000C0F08BF95EA0C0F3FF43BAF94EA0C0FF5
:1009D0000AD150EA01347FF434AF95EA0C0F7FF46A
:1009E00025AF104619462CE795EA0C0F06D152EABE
:1009F00003353FF4FDAE1046194622E750EA4106A2
:100A000018BF52EA43067FF4C5AE50EA41047FF4B2
:100A10000DAF52EA43057FF4EBAE12E74FF0FF3C17
:100A200006E000BF4FF0010C02E000BF4FF0010CE8
:100A30004DF804CD4FEA410C7FEA6C5C4FEA430C61
:100A400018BF7FEA6C5C1BD001B050EA410C0CBFB0
:100A500052EA430C91EA030F02BF90EA020F002012
:100A6000704710F1000F91EA030F58BF994208BF79
:100A700090422CBFD8176FEAE37040F00100704736
:100A80004FEA410C7FEA6C5C02D150EA013C07D18D
:100A90004FEA430C7FEA6C5CD6D152EA033CD3D0D8
:100AA0005DF8040B704700BF8446104662468C46D2
:100AB0001946634600E000BF01B5FFF7B7FF002805
:100AC00048BF10F1000F01BD4DF808EDFFF7F4FF2E
:100AD0000CBF012000205DF808FB00BF4DF808EDB9
:100AE000FFF7EAFF34BF012000205DF808FB00BFDC
:100AF0004DF808EDFFF7E0FF94BF012000205DF8FE
:100B000008FB00BF4DF808EDFFF7CEFF94BF0120B2
:100B100000205DF808FB00BF4DF808EDFFF7C4FFAB
:100B200034BF012000205DF808FB00BF4FEA410CF4
:100B30007FEA6C5C02D150EA013C0AD14FEA430CD7
:100B40007FEA6C5C02D152EA033C02D14FF0000014
:100B500070474FF0010070474FEA410212F5001252
:100B600015D211D56FF47873B3EB625212D94FEAF4
:100B7000C12343F0004343EA505311F0004F23FADE
:100B800002F018BF404270474FF00000704750EA33
:100B9000013005D111F0004008BF6FF000407047F0
:100BA0004FF00000704700BF4FEA4102B2F1E0434E
:100BB00024BFB3F5001CDCF1FE5C0DD901F0004C44
:100BC0004FEAC0024CEA5070B2F1004F40EB830094
:100BD00008BF20F00100704711F0804F21D113F1C0
:100BE0003872BCBF01F00040704741F480114FEAF9
:100BF0005252C2F11802C2F1200C10FA0CF320FA82
:100C000002F018BF40F001004FEAC1234FEAD3239E
:100C100003FA0CFC40EA0C0023FA02F34FEA430308
:100C2000CCE77FEA625307D150EA01331EBF4FF091
:100C3000FE4040F44000704701F0004040F0FE40AC
:100C400040F40000704700BF53B94AB9002908BFFB
:100C500000281CBF4FF0FF314FF0FF3000F070B99B
:100C6000ADF1080C6DE904CE00F006F8DDF804E003
:100C7000DDE9022304B070472DE9F047089E0D46D8
:100C800004460F46002B4AD18A42944665D9B2FAEF
:100C900082F343B102FA03FCC3F120029F4020FA21
:100CA00002F217439C404FEA1C4E1FFA8CF5B7FB2B
:100CB000FEF1220C0EFB117742EA074201FB05F020
:100CC00090420AD91CEB020201F1FF3780F01C812F
:100CD000904240F2198102396244121AA4B2B2FB66
:100CE000FEF00EFB102244EA024400FB05F5A5428B
:100CF0000AD91CEB040400F1FF3280F00781A54201
:100D000040F204816444023840EA0140641B00213F
:100D10001EB1DC400023C6E90043BDE8F0878B42EA
:100D200008D9002E00F0ED800021C6E90005084634
:100D3000BDE8F087B3FA83F1002949D1AB4202D371
:100D4000824200F2F880841A65EB03020120174604
:100D5000002EE2D0C6E90047DFE702B9FFDEB2FAB3
:100D600082F3002B40F090808A1A4FEA1C471FFA4A
:100D70008CFE0121B2FBF7F507FB1520220C42EA9D
:100D800000420EFB05F0904208D91CEB020205F16F
:100D9000FF3802D2904200F2CB804546121AA4B22C
:100DA000B2FBF7F007FB102244EA02440EFB00FE00
:100DB000A64508D91CEB040400F1FF3202D2A64577
:100DC00000F2BB801046A4EB0E0440EA05409FE70A
:100DD000C1F120078B4022FA07FC4CEA030C05FA0C
:100DE00001F420FA07F3FD404FEA1C492343B5FB09
:100DF000F9F81FFA8CFE09FB18551C0C44EA05444F
:100E000008FB0EF5A54202FA01F200FA01F00BD937
:100E10001CEB040408F1FF3A80F08880A54240F200
:100E20008580A8F102086444641B9DB2B4FBF9F309
:100E300009FB134445EA044403FB0EFEA64508D90A
:100E40001CEB040403F1FF356CD2A6456AD9023BC2
:100E5000644443EA0843A3FB0295A4EB0E04AC42AE
:100E6000C846AE4656D353D056B1B0EB080264EB39
:100E70000E0404FA07F7CA40CC401743C6E90074D1
:100E800018460021BDE8F087C3F1200102FA03FCF7
:100E900020FA01F225FA01F19D402A434FEA1C474E
:100EA0001FFA8CFEB1FBF7F007FB1015110C41EA9D
:100EB000054100FB0EF58D4204FA03F408D91CEB42
:100EC000010100F1FF382FD28D422DD90238614443
:100ED000491B92B2B1FBF7F507FB151142EA01423B
:100EE00005FB0EF1914208D91CEB020205F1FF3817
:100EF00016D2914214D9023D6244521A45EA004189
:100F000038E73146304608E73946E6E61046FBE664
:100F10004845A9D2B9EB020865EB0C0E013BA3E7EB
:100F20004546EAE72B4694E74046D1E7D0467BE7C3
:100F3000023D624432E708460AE76444023842E769
:100F4000704700BF80B584B000AF0A2001F058FDA3
:100F50000021002000F039FF094B1B681846FFF7FD
:100F6000F3FA02460B46381D064905F045FC3B1DC9
:100F7000184600F083FF00BF1037BD4680BD00BF9C
:100F800014020020C88A000880B584B000AF09218F
:100F9000002000F01AFF094B1B681846FFF7D4FA2F
:100FA00002460B46381D064905F026FC3B1D184637
:100FB00000F064FF00BF1037BD4680BD1C0200205A
:100FC000D48A000880B483B000AF0346FB80094B8D
:100FD0001B6800225A6200BF064B1B685A6AFB88D6
:100FE0009A42F9D300BF00BF0C37BD465DF8047BC1
:100FF000704700BF9C03002080B586B000AF00237F
:10100000FB753B4600221A605A609A60DA601A61EA
:1010100004233B6001237B600023FB600023BB6053
:101020003B4619462A4802F083F80022042128484A
:1010300002F032FA142001F0E3FC012204212448DA
:1010400002F02AFA1E20FFF7BDFF00237B60012378
:10105000BB603B4619461E4802F06AF82820FFF79D
:10106000B1FF04211A4802F0FFF90346002B0BD10F
:101070005020FFF7A7FF0421154802F0F5F90346B9
:10108000002B01D00123FB7501F0AEFC0346114A91
:10109000136001F0A9FC03460F4A136004E001F05D
:1010A000A3FC03460C4A13600421094802F0DCF952
:1010B0000346002B06D0074B1B689A1C064B1B6887
:1010C0009A42ECD8FB7D18461837BD4680BD00BF5C
:1010D000000002400C0200201002002080B582B007
:1010E00000AF0023FB7163E001F07EFC0346344A4D
:1010F000136001F079FC0346324A136004E001F00A
:1011000073FC03462F4A136004212F4802F0ACF908
:101110000346002B06D12A4B1B689A1C294B1B68DF
:101120009A42ECD82820FFF74DFF0421264802F010
:101130009BF90346002B0ED1FB79C3F10703012273
:1011400002FA03F35BB2DB435AB297F9063013405D
:101150005BB2BB710BE0FB79C3F10703012202FA1A
:1011600003F35AB297F9063013435BB2BB7101F037
:101170003BFC0346124A136001F036FC0346114A59
:10118000136004E001F030FC03460E4A13600421B2
:101190000D4802F069F90346002B06D0084B1B6886
:1011A0009A1C084B1B689A42ECD8FB790133FB71FF
:1011B000FB79072B98D9BB7918460837BD4680BD07
:1011C0000C020020100200200000024080B52DED2E
:1011D000028B00AFFFF710FF0346002B7AD0FFF71A
:1011E0007DFF03461A463E4B1A70FFF777FF034612
:1011F0001A463C4B1A70FFF771FF03461A463A4BEA
:101200001A70FFF76BFF03461A46384B1A70FFF748
:1012100065FF03461A46364B1A70354B1B78194644
:101220002F4B1B781A462F4B1B7813442E4A1278EB
:1012300013442E4A1278134499424BD12A4B1B78FF
:1012400007EE903AB8EE678A284B1B781846FFF7EE
:1012500069F94FF00002274BFFF7F8FA02460B46F8
:1012600010461946FFF7A0FC07EE900A78EE277AA1
:10127000214BC3ED007A204BD3ED007AB2EE027A17
:1012800027EE877AF1EE046AC7EE267A9FED1B7A85
:1012900077EE877A1A4BC3ED007A114B1B7807EE75
:1012A000903AB8EE678A0F4B1B781846FFF73AF969
:1012B0004FF000020F4BFFF7C9FA02460B461046EB
:1012C0001946FFF771FC07EE900A78EE277A0D4B6E
:1012D000C3ED007A00BFBD46BDEC028B80BD00BFF0
:1012E0000402002005020020060200200702002060
:1012F00008020020000024401402002000000042E8
:10130000180200201C02002080B582B002AF1B4BE7
:101310001B681846FFF718F902460B46184919488A
:1013200005F06AFA642300930C23164A0821164834
:1013300002F02AFA14220021124805F0C0FA6420B3
:1013400001F05EFB114B1B681846FFF7FDF80246E3
:101350000B460F490B4805F04FFA642300930C230A
:10136000084A0821084802F00FFA14220021054813
:1013700005F0A5FA00BFBD4680BD00BF14020020E5
:10138000DC8A000820020020480300201C02002004
:10139000E88A000880B483B000AF78607B680F4AA9
:1013A00082FB03129210DB17D31ADBB21B01D8B2F7
:1013B0007A680A4B83FB02139910D317C91A0B469C
:1013C0009B000B445B00D11ACBB20344DBB218463E
:1013D0000C37BD465DF8047B704700BF67666666E4
:1013E00080B483B000AF0346FB71FB791B09DBB20D
:1013F0001A4613469B0013445B001A46FB7903F020
:101400000F03134418460C37BD465DF8047B704744
:1014100080B586B004AF4FF47A730293072301932B
:101420003B46009301230022D0211F4802F0AEFC6E
:101430003B781846FFF7D4FF0346DAB21B4B1A700D
:101440007B781846FFF7CCFF0346DAB2174B5A7089
:10145000BB781846FFF7C4FF0346DAB2134B9A7005
:10146000FB781846FFF7BCFF0346DAB20F4BDA7081
:101470003B791846FFF7B4FF0346DAB20B4B1A71FB
:101480007B791846FFF7ACFF0346DAB2074B5A7177
:10149000BB791846FFF7A4FF0346DAB2034B9A71F3
:1014A00000BF0837BD4680BDF40200205402002072
:1014B00080B588B004AF0346FB71FB791846FFF78F
:1014C00069FF0346FB734FF47A7302930123019380
:1014D00007F10F03009301230022D021034802F0FB
:1014E0005BFB00BF1037BD4680BD00BFF40200208B
:1014F00080B588B004AF0346FB71FB791846FFF74F
:1015000049FF0346FB734FF47A730293012301935F
:1015100007F10F03009301230122D021034802F0B9
:101520003BFB00BF1037BD4680BD00BFF40200206A
:1015300080B588B004AF0346FB71FB791846FFF70E
:1015400029FF0346FB734FF47A730293012301933F
:1015500007F10F03009301230222D021034802F078
:101560001BFB00BF1037BD4680BD00BFF40200204A
:1015700080B588B004AF0346FB71FB791846FFF7CE
:1015800009FF0346FB734FF47A730293012301931F
:1015900007F10F03009301230422D021034802F036
:1015A000FBFA00BF1037BD4680BD00BFF40200202B
:1015B00080B588B004AF0346FB71FB791846FFF78E
:1015C000E9FE0346FB734FF47A7302930123019300
:1015D00007F10F03009301230522D021034802F0F5
:1015E000DBFA00BF1037BD4680BD00BFF40200200B
:1015F00080B582B002AFFFF70BFF144B9B781A4601
:10160000124B5B781249134805F0F6F800210120CF
:1016100000F0DBFB0F4800F031FC0C4B1B791A4645
:101620000A4B5B791946094B9B7900930B460A4993
:10163000084805F0E1F80621012000F0C6FB054846
:1016400000F01CFC00BFBD4680BD00BF540200205E
:10165000F48A000834020020008B000880B588B0AE
:1016600000AFF860B9601346FB7100F0A7FB0A20D9
:1016700001F0C6F90021002000F0A7FB07F11003DC
:10168000FA681249184605F0B7F807F11003184632
:1016900000F0F4FB00233B740021012000F095FBD7
:1016A00007F11003184600F0E9FBFB7907F1100081
:1016B000BA68074905F0A0F807F11003184600F0D2
:1016C000DDFB00BF2037BD4680BD00BF148B000886
:1016D000208B000880B500AFAE4B1B68052B00F2D5
:1016E000C08101A252F823F0011700083117000849
:1016F0009317000841180008EF180008BD190008EA
:1017000000F082FB00F0C4F9A34800F0B7FB4FF4EF
:10171000FA6001F075F900F051FB9E4B01221A604E
:10172000642000F021FE4FF47A7000F031FEA3E156
:101730009A4B1B68012B10D14FF4FA7000F014FE85
:1017400000F03CFB0A2001F05BF9FFF73FFDFFF7DB
:101750001BFCFFF7F7FBFFF74BFF914B1B68012BBF
:1017600005D14FF47A7000F013FEFFF7CDFD002095
:1017700000F0CCF90346002B00F07581854B022266
:101780001A60642000F004FE864B9A78864B1A702B
:1017900069E1854B1B781A4684490220FFF75EFFFA
:1017A0007F4B1B68012B07D1642000F0F1FD4FF443
:1017B00000517F4801F089FE012000F0A7F903469F
:1017C000002B13D0784B1B780133DAB2764B1A70AA
:1017D000754B1B78172B02D9734B00221A70724B72
:1017E0001B781A4671490220FFF738FF022000F0EB
:1017F0008DF90346002B11D06B4B1B781846FFF771
:1018000097FE0020FFF754FE624B01221A6064200D
:1018100000F0AAFD4FF47A7000F0BAFD002000F04D
:1018200075F90346002B00F020815A4B03221A6001
:10183000642000F0ADFD5B4B5A785B4B1A7014E1ED
:10184000594B1B781A465B490320FFF707FF544B9F
:101850001B68012B07D1642000F09AFD4FF4005162
:10186000534801F032FE012000F050F90346002BEE
:1018700013D04D4B1B780133DAB24B4B1A704A4BE5
:101880001B783C2B02D9484B00221A70464B1B7820
:101890001A4648490320FFF7E1FE022000F036F91E
:1018A0000346002B11D0404B1B781846FFF720FE53
:1018B0000020FFF7FDFD374B01221A60642000F085
:1018C00053FD4FF47A7000F063FD002000F01EF924
:1018D0000346002B00F0CB802E4B04221A606420BC
:1018E00000F056FD2F4B1A792F4B1A70BFE02E4B8C
:1018F0001B781A4630490420FFF7B0FE284B1B68BE
:10190000012B07D1642000F043FD4FF4005128481B
:1019100001F0DBFD012000F0F9F80346002B13D0A5
:10192000214B1B780133DAB21F4B1A701E4B1B7808
:101930001F2B02D91C4B01221A701B4B1B781A4615
:101940001D490420FFF78AFE022000F0DFF803465D
:10195000002B0ED0144B1B781846FFF709FE0D4BD9
:1019600001221A60642000F0FFFC4FF47A7000F04E
:101970000FFD002000F0CAF80346002B79D0054B7C
:1019800005221A60642000F003FD064B5A79064BCD
:101990001A706EE02C040020288B00083004002010
:1019A00038040020540200205B020020388B00081D
:1019B000000C0240408B0008488B00082F4B1B781E
:1019C0001A462F490520FFF749FE2E4B1B68012BB5
:1019D00007D1642000F0DCFC4FF400512A4801F0EC
:1019E00074FD012000F092F80346002B13D0234B26
:1019F0001B780133DAB2214B1A70204B1B780C2B69
:101A000002D91E4B01221A701C4B1B781A461C4926
:101A10000520FFF723FE022000F078F80346002B94
:101A20000ED0164B1B781846FFF7C2FD174B01224C
:101A30001A60642000F098FC4FF47A7000F0A8FC63
:101A4000002000F063F80346002B14D00F4B012256
:101A50001A60642000F088FC4FF47A7000F098FC63
:101A600009E000BF08E000BF06E000BF04E000BFDF
:101A700002E000BF00E000BF00BF80BD5B020020AD
:101A8000588B000838040020000C02402C04002071
:101A900080B483B000AF00237B6020E0154A7B68F0
:101AA000012142F82310144A7B68012142F82310D7
:101AB000124A7B68012142F82310114A7B680121F8
:101AC00042F823100F4A7B68C82142F823100E4ABF
:101AD0007B68002142F823107B6801337B607B68C0
:101AE000022BDBDD00BF00BF0C37BD465DF8047B79
:101AF000704700BF64020020700200207C020020BA
:101B00008802002094020020A002002080B483B04C
:101B100000AF7860094A7B6852F82330012B06D168
:101B2000064A7B68002142F82310012300E00023CD
:101B300018460C37BD465DF8047B7047A0020020B4
:101B400080B483B000AF7860054A7B68012142F819
:101B5000231000BF0C37BD465DF8047B704700BF03
:101B6000A002002080B582B000AF00237B6076E049
:101B70003F4A7B6852F823203E497B6841F8232086
:101B80003D4A7B6852F8232039497B6841F823207D
:101B90003A4A7B6852F8232039497B6831F8133080
:101BA0001946104601F060FC03461946324A7B682C
:101BB00042F823102F4A7B6852F823202C497B6877
:101BC00051F823309A4247D1294A7B6852F82320A2
:101BD00029497B6851F823309A423DD1294A7B68D4
:101BE00052F8232024497B6851F823309A4216D0BA
:101BF000214A7B6852F8232022497B6841F8232040
:101C00001D4A7B6852F82330002B25D17868FFF7F6
:101C100097FF1D4A7B68C82142F823101CE01A4A2E
:101C20007B6852F823305A1E17497B6841F82320FD
:101C3000154A7B6852F82330002B0DDC0E4A7B6876
:101C400052F82330002B02D17868FFF779FF0E4A53
:101C50007B68C82142F823107B6801337B607B6876
:101C6000022B85DD00BF00BF0837BD4680BD00BF29
:101C700070020020640200207C0200200800002086
:101C800000000020880200209402002080B500AFF0
:101C9000642305221749184801F074FE154B1B7880
:101CA000002B20D0134B1B78622B1CD1114B5B787F
:101CB000742B18D10F4B9B786E2B14D10D4BDB7806
:101CC000312B02D10020FFF73BFF0A4BDB78322B90
:101CD00002D10120FFF734FF064BDB78332B02D112
:101CE0000220FFF72DFF05220021024804F0E7FD46
:101CF00000BF80BD5C0200204803002080B586B094
:101D000002AF0346FB71FB7923F00F03FB73FB79F2
:101D10001B01BB73FB7B43F00C03DBB23B72FB7B11
:101D200043F00803DBB27B72BB7B43F00C03DBB2F6
:101D3000BB72BB7B43F00803DBB2FB7207F1080206
:101D40006423009304234E21034801F01DFD00BFCE
:101D50001037BD4680BD00BFF402002080B586B0BC
:101D600002AF0346FB71FB7923F00F03FB73FB7992
:101D70001B01BB73FB7B43F00D03DBB23B72FB7BB0
:101D800043F00903DBB27B72BB7B43F00D03DBB294
:101D9000BB72BB7B43F00903DBB2FB7207F10802A5
:101DA0006423009304234E21034801F0EDFC00BF9F
:101DB0001037BD4680BD00BFF402002080B500AFE3
:101DC0000120FFF79BFF00BF80BD80B582B000AF50
:101DD000786039607B68002B03D07B68012B05D0CD
:101DE00009E03B6843F080033B6004E03B6843F05C
:101DF000C0033B6000BF3B68DBB21846FFF77EFFC5
:101E000000BF0837BD4680BD80B500AF322000F06E
:101E1000F7FD3020FFF772FF052000F0F1FD3020C4
:101E2000FFF76CFF012000F0EBFD3020FFF766FFAD
:101E30000A2000F0E5FD2020FFF760FF0A2000F0F7
:101E4000DFFD2820FFF75AFF012000F0D9FD082010
:101E5000FFF754FF012000F0D3FD0120FFF74EFFF4
:101E6000022000F0CDFD0620FFF748FF012000F022
:101E7000C7FD0C20FFF742FF00BF80BD80B582B0D8
:101E800000AF786006E07B685A1C7A601B781846C1
:101E9000FFF764FF7B681B78002BF4D100BF00BF05
:101EA0000837BD4680BD000080B500AF00F036FDAC
:101EB00000F028F800F0D6F900F0DEF800F038F96C
:101EC00000F088F800F080F900F004F90A4803F007
:101ED000DDFA094803F042FB084803F03FFB084BDA
:101EE00000221A60FFF7F6FBFFF7D0FE4FF4FA70FE
:101EF00000F086FDF6E700BF9C030020E40300200D
:101F00002C04002080B594B000AF07F120033022EC
:101F10000021184604F0D3FC07F10C0300221A60DC
:101F20005A609A60DA601A610023BB60274B1B6C11
:101F3000264A43F080531364244B1B6C03F08053F8
:101F4000BB60BB6800237B60214B1B68204A43F4C5
:101F5000804313601E4B1B6803F480437B607B68E7
:101F600001233B624FF480337B620223BB634FF457
:101F70008003FB6304233B6450237B640223BB6424
:101F80000423FB6407F12003184602F0ABFD03466F
:101F9000002B01D000F0E2F90F23FB6002233B612C
:101FA00080237B610023BB610023FB6107F10C03ED
:101FB0000121184603F00EF80346002B01D000F073
:101FC000CDF900BF5037BD4680BD00BF003802408C
:101FD0000070004080B584B000AF3B4600221A601C
:101FE0005A609A60DA60214B214A1A601F4B002226
:101FF0005A601E4B00229A601C4B00221A611B4B38
:1020000001221A76194B002283F82020174B002258
:10201000DA62164B174A9A62144B0022DA60134BAD
:102020000122DA61114B002283F830200F4B01228C
:102030005A610E4800F008FD0346002B01D000F065
:102040008DF909233B6001237B600123BB603B4684
:102050001946064800F03CFD0346002B01D000F075
:102060007DF900BF1037BD4680BD00BFAC02002027
:10207000002001400100000F80B500AF124B134A51
:102080001A60114B124A5A600F4B00229A600E4B95
:102090000022DA600C4B4FF480421A610A4B002296
:1020A0005A61094B00229A61074B0022DA61064B04
:1020B00000221A62044801F023FA0346002B01D0E3
:1020C00000F04CF900BF80BDF40200200054004035
:1020D000A086010080B500AF124B134A1A60114B65
:1020E000124A5A600F4B00229A600E4B0022DA60AF
:1020F0000C4B4FF480421A610A4B00225A61094B83
:1021000000229A61074B0022DA61064B00221A6214
:10211000044801F0F5F90346002B01D000F01EF948
:1021200000BF80BD4803002000580040A086010089
:1021300080B586B000AF07F1080300221A605A602C
:102140009A60DA603B4600221A605A601D4B4FF0DD
:1021500080421A601B4B27225A601A4B00229A6059
:10216000184B4FF6FE72DA60164B00221A61154BBF
:1021700000229A61134803F039F90346002B01D07D
:1021800000F0ECF84FF48053BB6007F108031946E8
:102190000C4803F043FB0346002B01D000F0DEF8AF
:1021A00000233B6000237B603B461946054803F053
:1021B0006BFD0346002B01D000F0D0F800BF1837AC
:1021C000BD4680BD9C03002080B586B000AF07F1FE
:1021D000080300221A605A609A60DA603B460022C7
:1021E0001A605A601D4B1E4A1A601C4B27225A6007
:1021F0001A4B00229A60194B42F20F72DA60174BA9
:1022000000221A61154B00229A61144803F0EEF87F
:102210000346002B01D000F0A1F84FF48053BB60BF
:1022200007F1080319460D4803F0F8FA0346002B9E
:1022300001D000F093F800233B6000237B603B4615
:102240001946064803F020FD0346002B01D000F09C
:1022500085F800BF1837BD4680BD00BFE4030020ED
:102260000004004080B58AB000AF07F114030022DB
:102270001A605A609A60DA601A6100233B612E4B43
:102280001B6B2D4A43F0800313632B4B1B6B03F036
:1022900080033B613B690023FB60274B1B6B264A95
:1022A00043F002031363244B1B6B03F00203FB6038
:1022B000FB680023BB60204B1B6B1F4A43F00803E5
:1022C00013631D4B1B6B03F00803BB60BB6800234B
:1022D0007B60194B1B6B184A43F001031363164BC9
:1022E0001B6B03F001037B607B6800224FF40051FD
:1022F000124801F0D1F84FF400537B610123BB6118
:102300000023FB6100233B6207F1140319460B48CD
:1023100000F00EFF4FF4E0637B610023BB610123FB
:10232000FB6107F114031946054800F001FF00BFE7
:102330002837BD4680BD00BF00380240000C024077
:102340000000024080B582B000AF786000F034F841
:10235000FFF708FC00BF0837BD4680BD80B400AF62
:1023600072B600BFFEE7000080B483B000AF7860B3
:10237000054A7B681360054B00221A6000BF0C37CA
:10238000BD465DF8047B7047340400203004002013
:1023900080B483B000AF7860054A7B681360054B5A
:1023A00000221A6000BF0C37BD465DF8047B704701
:1023B0003C0400203804002080B400AF224B1B688E
:1023C000002B0BDD204B1B68013B1F4A13601E4B8B
:1023D0001B68002B02DC1D4B01221A601C4B1B6882
:1023E000002B0BDD1A4B1B68013B194A1360184B7D
:1023F0001B68002B02DC174B01221A60164B1B686E
:10240000002B0BDD144B1B68013B134A1360124B6E
:102410001B68002B02DC114B01221A60104B1B6859
:10242000002B0BDD0E4B1B68013B0D4A13600C4B60
:102430001B68002B02DC0B4B01221A6000BFBD465B
:102440005DF8047B704700BF340400203004002096
:102450003C040020380400204404002040040020F4
:102460004C0400204804002080B483B000AF002357
:102470007B60104B5B6C0F4A43F4804353640D4BFD
:102480005B6C03F480437B607B6800233B60094BFB
:102490001B6C084A43F080531364064B1B6C03F01B
:1024A00080533B603B6800BF0C37BD465DF8047B42
:1024B000704700BF0038024080B58AB000AF786036
:1024C00007F1140300221A605A609A60DA601A61F8
:1024D0007B681B68174A934227D100233B61164B48
:1024E0005B6C154A43F480735364134B5B6C03F4C9
:1024F00080733B613B690023FB600F4B1B6B0E4AF3
:1025000043F0020313630C4B1B6B03F00203FB60ED
:10251000FB6802237B610323BB610023FB6107F19E
:1025200014031946054800F003FE00BF2837BD46D6
:1025300080BD00BF0020014000380240000402407E
:1025400080B58CB000AF786007F11C0300221A60E0
:102550005A609A60DA601A617B681B68324A93425B
:102560002CD10023BB61314B1B6B304A43F002037B
:1025700013632E4B1B6B03F00203BB61BB69C023CB
:10258000FB6112233B6200237B620323BB620423B3
:10259000FB6207F11C031946254800F0C9FD002322
:1025A0007B61224B1B6C214A43F4001313641F4BC5
:1025B0001B6C03F400137B617B6931E07B681B6853
:1025C0001C4A93422CD100233B61184B1B6B174ACA
:1025D00043F002031363154B1B6B03F002033B61D3
:1025E0003B694FF44063FB6112233B6200237B6233
:1025F0000323BB620423FB6207F11C0319460C484A
:1026000000F096FD0023FB60084B1B6C074A43F467
:1026100080031364054B1B6C03F48003FB60FB68B1
:1026200000BF3037BD4680BD005400400038024036
:10263000000402400058004080B584B000AF7860CC
:102640007B681B68B3F1804F0ED10023FB60164BF3
:102650001B6C154A43F001031364134B1B6C03F00E
:102660000103FB60FB681AE07B681B680F4A93421A
:1026700015D10023BB600C4B1B6C0B4A43F00203CB
:102680001364094B1B6C03F00203BB60BB680022A0
:1026900000211D2000F015FD1D2000F02EFD00BFC3
:1026A0001037BD4680BD00BF003802400004004026
:1026B00080B400AFFEE780B400AFFEE780B400AFA7
:1026C000FEE780B400AFFEE780B400AFFEE780B461
:1026D00000AF00BFBD465DF8047B704780B400AF1B
:1026E00000BFBD465DF8047B704780B400AF00BFFB
:1026F000BD465DF8047B704780B500AF00F060F91F
:1027000000BF80BD80B500AF024802F097FF00BF58
:1027100080BD00BFE403002080B400AF0123184651
:10272000BD465DF8047B704780B582B000AF78602D
:10273000396004F017F9034616221A604FF0FF3390
:1027400018460837BD4680BD80B582B000AF7860BE
:102750004FF0FF317868FFF7E7FFFEE780B586B0FE
:1027600000AFF860B9607A6000237B610AE0AFF3E4
:1027700000800146BB685A1CBA60CAB21A707B69F5
:1027800001337B617A697B689A42F0DB7B6818468B
:102790001837BD4680BD80B586B000AFF860B9601F
:1027A0007A6000237B6109E0BB685A1CBA601B7821
:1027B0001846AFF300807B6901337B617A697B68DF
:1027C0009A42F1DB7B6818461837BD4680BD80B45D
:1027D00083B000AF78604FF0FF3318460C37BD462A
:1027E0005DF8047B704780B483B000AF78603960D7
:1027F0003B684FF400525A60002318460C37BD4620
:102800005DF8047B704780B483B000AF786001232B
:1028100018460C37BD465DF8047B704780B485B020
:1028200000AFF860B9607A60002318461437BD46DF
:102830005DF8047B7047000080B586B000AF78601B
:10284000144A154BD31A7B617B693B61134B1B68A0
:10285000002B02D1114B124A1A60104B1A687B6888
:1028600013443A699A4207D204F07CF803460C22DA
:102870001A604FF0FF3309E0084B1B68FB60074B01
:102880001A687B681344054A1360FB6818461837BA
:10289000BD4680BD0000022000040000500400205E
:1028A000A805002080B400AF064BD3F88830054A55
:1028B00043F47003C2F8883000BFBD465DF8047B66
:1028C000704700BF00ED00E0DFF834D0FFF7EAFF0B
:1028D0000C480D490D4A002302E0D458C45004337B
:1028E000C4188C42F9D30A4A0A4C002301E0136051
:1028F0000432A242FBD304F03BF8FFF7D5FA70474D
:102900000000022000000020E8010020FC8E0008EA
:10291000E8010020A4050020FEE7000080B500AF1C
:102920000E4B1B680D4A43F4007313600B4B1B687E
:102930000A4A43F480631360084B1B68074A43F458
:1029400080731360032000F0B1FB0F2000F008F843
:10295000FFF78AFD0023184680BD00BF003C0240FF
:1029600080B582B000AF7860124B1A68124B1B78AA
:1029700019464FF47A73B3FBF1F3B2FBF3F3184645
:1029800000F0C9FB0346002B01D001230EE07B6859
:102990000F2B0AD8002279684FF0FF3000F091FB2E
:1029A000064A7B681360002300E0012318460837BD
:1029B000BD4680BD140000201C000020180000202F
:1029C00080B400AF064B1B781A46064B1B681344B5
:1029D000044A136000BFBD465DF8047B704700BF2A
:1029E0001C0000205404002080B400AF034B1B687F
:1029F0001846BD465DF8047B704700BF54040020B4
:102A000080B584B000AF7860FFF7EEFFB8607B68F8
:102A1000FB60FB68B3F1FF3F05D00A4B1B781A46F9
:102A2000FB681344FB6000BFFFF7DEFF0246BB6894
:102A3000D31AFA689A42F7D800BF00BF1037BD46D4
:102A400080BD00BF1C00002080B584B000AF78605E
:102A50000023FB737B68002B01D1012333E07B68EB
:102A60001B6C002B09D17868FFF726FD7B680022DC
:102A70005A647B68002283F83C207B681B6C03F05F
:102A80001003002B18D17B681B6C23F4885323F0B0
:102A9000020343F002027B681A64786800F03AF996
:102AA0007B6800225A647B681B6C23F0030343F0AD
:102AB00001027B681A6401E00123FB737B6800223A
:102AC00083F83C20FB7B18461037BD4680BD0000D4
:102AD00080B485B000AF786039600023BB607B684C
:102AE00093F83C30012B01D1022305E17B680122E0
:102AF00083F83C203B681B68092B25D97B681B6841
:102B0000D9683B681B689BB21A4613465B001344A6
:102B10001E3B072202FA03F3DA437B681B680A4074
:102B2000DA607B681B68D9683B689A683B681B68F9
:102B30009BB2184603465B0003441E3B9A407B68E9
:102B40001B680A43DA6022E07B681B6819693B68EE
:102B50001B689BB21A4613465B001344072202FA15
:102B600003F3DA437B681B680A401A617B681B68C1
:102B700019693B689A683B681B689BB21846034614
:102B80005B0003449A407B681B680A431A613B68F8
:102B90005B68062B24D87B681B68596B3B685A68B6
:102BA00013469B001344053B1F2202FA03F3DA434A
:102BB0007B681B680A405A637B681B68596B3B68DB
:102BC0001B689BB218463B685A6813469B00134427
:102BD000053B00FA03F27B681B680A435A634CE02A
:102BE0003B685B680C2B24D87B681B68196B3B68BF
:102BF0005A6813469B001344233B1F2202FA03F337
:102C0000DA437B681B680A401A637B681B68196B90
:102C10003B681B689BB218463B685A6813469B008A
:102C20001344233B00FA03F27B681B680A431A63D0
:102C300023E07B681B68D96A3B685A6813469B008F
:102C40001344413B1F2202FA03F3DA437B681B68FB
:102C50000A40DA627B681B68D96A3B681B689BB2D2
:102C600018463B685A6813469B001344413B00FAE0
:102C700003F27B681B680A43DA62224BFB607B68C5
:102C80001B68214A934209D13B681B68122B05D16E
:102C9000FB685B6843F48002FB685A607B681B68D2
:102CA000194A934223D13B681B68102B03D03B6821
:102CB0001B68112B1BD1FB685B6843F40002FB68A7
:102CC0005A603B681B68102B11D1104B1B68104ACF
:102CD000A2FB03239A0C13469B0013445B00BB60CA
:102CE00002E0BB68013BBB60BB68002BF9D17B688D
:102CF000002283F83C20002318461437BD465DF8B7
:102D0000047B704700230140002001401400002094
:102D100083DE1B4380B485B000AF7860794BFB60E5
:102D2000FB685B6823F44032FB685A60FB685A68B2
:102D30007B685B681A43FB685A607B681B685A684B
:102D40007B681B6822F480725A607B681B68596834
:102D50007B681B691A027B681B680A435A607B68A0
:102D60001B685A687B681B6822F040725A607B6857
:102D70001B6859687B689A687B681B680A435A60BD
:102D80007B681B689A687B681B6822F400629A6003
:102D90007B681B6899687B68DA687B681B680A43F4
:102DA0009A607B689B6A584A934222D07B681B6872
:102DB0009A687B681B6822F070629A607B681B6867
:102DC00099687B689A6A7B681B680A439A607B688B
:102DD0001B689A687B681B6822F040529A607B6887
:102DE0001B6899687B68DA6A7B681B680A439A608B
:102DF0000FE07B681B689A687B681B6822F0706232
:102E00009A607B681B689A687B681B6822F0405256
:102E10009A607B681B689A687B681B6822F00202D4
:102E20009A607B681B6899687B681B7E5A007B6888
:102E30001B680A439A607B6893F82030002B1BD0F4
:102E40007B681B685A687B681B6842F400625A60A2
:102E50007B681B685A687B681B6822F460425A6072
:102E60007B681B6859687B685B6A013B5A037B6817
:102E70001B680A435A6007E07B681B685A687B68D6
:102E80001B6822F400625A607B681B68DA6A7B6800
:102E90001B6822F47002DA627B681B68D96A7B685F
:102EA000DB69013B1A057B681B680A43DA627B68B1
:102EB0001B689A687B681B6822F400729A607B68C2
:102EC0001B6899687B6893F830305A027B681B68EE
:102ED0000A439A607B681B689A687B681B6822F4C7
:102EE00080629A607B681B6899687B685B699A025C
:102EF0007B681B680A439A6000BF1437BD465DF8C3
:102F0000047B7047002301400100000F80B485B0AE
:102F100000AF78607B6803F00703FB600C4BDB6855
:102F2000BB60BA684FF6FF031340BB60FB681A0230
:102F3000BB68134343F0BF6343F40033BB60044AF0
:102F4000BB68D36000BF1437BD465DF8047B704793
:102F500000ED00E080B400AF044BDB681B0A03F017
:102F600007031846BD465DF8047B704700ED00E09E
:102F700080B483B000AF0346FB7197F90730002B94
:102F80000BDBFB7903F01F02074997F907305B0958
:102F9000012000FA02F241F8232000BF0C37BD46A1
:102FA0005DF8047B704700BF00E100E080B483B0AF
:102FB00000AF03463960FB7197F90730002B0ADB3D
:102FC0003B68DAB20C4997F907301201D2B20B44D0
:102FD00083F800230AE03B68DAB20849FB7903F082
:102FE0000F03043B1201D2B20B441A7600BF0C3718
:102FF000BD465DF8047B704700E100E000ED00E0B5
:1030000080B489B000AFF860B9607A60FB6803F003
:103010000703FB61FB69C3F10703042B28BF0423EB
:10302000BB61FB690433062B02D9FB69033B00E05B
:1030300000237B614FF0FF32BB6902FA03F3DA43EE
:10304000BB681A407B699A404FF0FF317B6901FAF7
:1030500003F3D9437B680B40134318462437BD461E
:103060005DF8047B7047000080B582B000AF7860E7
:103070007B68013BB3F1807F01D301230FE00A4A53
:103080007B68013B53600F214FF0FF30FFF78EFF4D
:10309000054B00229A60044B07221A600023184651
:1030A0000837BD4680BD00BF10E000E080B582B0AB
:1030B00000AF78607868FFF729FF00BF0837BD468A
:1030C00080BD80B586B000AF0346B9607A60FB73FF
:1030D00000237B61FFF73EFF78617A68B968786901
:1030E000FFF78EFF024697F90F3011461846FFF79B
:1030F0005DFF00BF1837BD4680BD80B582B000AF10
:103100000346FB7197F907301846FFF731FF00BF00
:103110000837BD4680BD80B582B000AF7860786862
:10312000FFF7A2FF034618460837BD4680BD0000E2
:1031300080B489B000AF7860396000237B610023E0
:103140003B610023BB610023FB616BE10122FB6952
:1031500002FA03F37B613B681B687A6913403B61A9
:103160003A697B699A4240F05A813B685B6803F098
:103170000303012B05D03B685B6803F00303022BBC
:1031800030D17B689B68BB61FB695B00032202FA5C
:1031900003F3DB43BA691340BB613B68DA68FB6940
:1031A0005B0002FA03F3BA691343BB617B68BA6937
:1031B0009A607B685B68BB610122FB6902FA03F3DA
:1031C000DB43BA691340BB613B685B681B0903F0D2
:1031D0000102FB6902FA03F3BA691343BB617B681E
:1031E000BA695A603B685B6803F00303032B17D08E
:1031F0007B68DB68BB61FB695B00032202FA03F3B7
:10320000DB43BA691340BB613B689A68FB695B00AA
:1032100002FA03F3BA691343BB617B68BA69DA60E7
:103220003B685B6803F00303022B23D1FB69DA08D8
:103230007B68083253F82230BB61FB6903F0070357
:103240009B000F2202FA03F3DB43BA691340BB6110
:103250003B681A69FB6903F007039B0002FA03F35A
:10326000BA691343BB61FB69DA087B680832B96944
:1032700043F822107B681B68BB61FB695B0003227B
:1032800002FA03F3DB43BA691340BB613B685B6836
:1032900003F00302FB695B0002FA03F3BA6913430C
:1032A000BB617B68BA691A603B685B6803F44033B2
:1032B000002B00F0B4800023FB60604B5B6C5F4A26
:1032C00043F4804353645D4B5B6C03F48043FB60C9
:1032D000FB685B4AFB699B08023352F82330BB61F1
:1032E000FB6903F003039B000F2202FA03F3DB43A5
:1032F000BA691340BB617B68524A93422BD07B680A
:10330000514A934225D07B68504A93421FD07B6834
:103310004F4A934219D07B684E4A934213D07B6840
:103320004D4A93420DD07B684C4A934207D07B684C
:103330004B4A934201D107230EE008230CE00623F9
:103340000AE0052308E0042306E0032304E0022347
:1033500002E0012300E00023FA6902F00302920078
:103360009340BA691343BB613549FB699B0802333B
:10337000BA6941F823203B4B9B68BB613B69DB4347
:10338000BA691340BB613B685B6803F48013002B90
:1033900003D0BA693B691343BB61324ABB6993608E
:1033A000304BDB68BB613B69DB43BA691340BB61EF
:1033B0003B685B6803F40013002B03D0BA693B69D8
:1033C0001343BB61274ABB69D360264B5B68BB6173
:1033D0003B69DB43BA691340BB613B685B6803F43C
:1033E0000033002B03D0BA693B691343BB611D4A0C
:1033F000BB6953601B4B1B68BB613B69DB43BA690C
:103400001340BB613B685B6803F48033002B03D03F
:10341000BA693B691343BB61124ABB691360FB691C
:103420000133FB61FB690F2B7FF690AE00BF00BF3D
:103430002437BD465DF8047B704700BF003802406A
:103440000038014000000240000402400008024031
:10345000000C02400010024000140240001802401C
:10346000001C0240003C014080B485B000AF786091
:103470000B467B807B681A697B881340002B02D047
:103480000123FB7301E00023FB73FB7B1846143719
:10349000BD465DF8047B704780B483B000AF7860B0
:1034A0000B467B8013467B707B78002B03D07A8899
:1034B0007B689A6103E07B881A047B689A6100BF8D
:1034C0000C37BD465DF8047B704780B485B000AF13
:1034D00078600B467B807B685B69FB607A88FB6861
:1034E00013401A04FB68D9437B880B401A437B685E
:1034F0009A6100BF1437BD465DF8047B7047000039
:1035000080B584B000AF78607B68002B01D10123C7
:103510002BE17B6893F83D30DBB2002B06D17B6852
:10352000002283F83C207868FFF70AF87B682422A1
:1035300083F83D207B681B681A687B681B6822F053
:1035400001021A607B681B681A687B681B6842F47A
:1035500000421A607B681B681A687B681B6822F44B
:1035600000421A6001F02EFFF8607B685B68814AB8
:10357000934207D8FB68804A934294BF01230023FB
:10358000DBB206E0FB687D4A934294BF012300232F
:10359000DBB2002B01D00123E7E0FB68784AA2FBF5
:1035A00003239B0CBB607B681B685B6823F03F01B7
:1035B0007B681B68BA680A435A607B681B681B6A91
:1035C00023F03F017B685B686A4A934202D8BB687C
:1035D000013309E0BB684FF4967202FB03F3694ABA
:1035E000A2FB03239B0901337A6812680B43136221
:1035F0007B681B68DB6923F44F4222F0FF027B6883
:103600005B685C498B4219D8FB68591E7B685B6814
:103610005B00B1FBF3F3591C40F6FC730B40002B2D
:103620000AD0FB68591E7B685B685B00B1FBF3F353
:103630000133C3F30B0351E004234FE07B689B6825
:10364000002B11D1FB68581E7B6859680B465B0044
:103650000B44B0FBF3F30133C3F30B03002B0CBF9C
:1036600001230023DBB212E0FB68581E7B68596817
:103670000B469B000B4499000B44B0FBF3F3013362
:10368000C3F30B03002B0CBF01230023DBB2002B81
:1036900001D0012322E07B689B68002B0ED1FB68E0
:1036A000581E7B6859680B465B000B44B0FBF3F374
:1036B0000133C3F30B0343F400430FE0FB68581ED0
:1036C0007B6859680B469B000B4499000B44B0FB88
:1036D000F3F30133C3F30B0343F440437968096800
:1036E0001343CB617B681B681B6823F0C0017B68B8
:1036F000DA697B681B6A1A437B681B680A431A6095
:103700007B681B689B6823F4034323F0FF037A68FC
:1037100011697A68D26811437A6812680B43936022
:103720007B681B68DB6823F0FF017B685A697B6854
:103730009B691A437B681B680A43DA607B681B68D5
:103740001A687B681B6842F001021A607B680022DD
:103750001A647B68202283F83D207B6800221A636C
:103760007B68002283F83E20002318461037BD46B0
:1037700080BD00BFA08601007F841E00FF083D00C1
:1037800083DE1B43D34D621080B588B002AFF86072
:103790007A601A460B467B8113463B81FFF724F97A
:1037A0007861FB6893F83D30DBB2202B40F0E0807D
:1037B0007B690093192301227049F86800F018FF13
:1037C0000346002B01D00223D3E0FB6893F83C3082
:1037D000012B01D10223CCE0FB68012283F83C20BD
:1037E000FB681B681B6803F00103012B07D0FB6813
:1037F0001B681A68FB681B6842F001021A60FB68CC
:103800001B681A68FB681B6822F400621A60FB6878
:10381000212283F83D20FB68102283F83E20FB68BC
:1038200000221A64FB687A685A62FB683A895A85F2
:10383000FB685B8D9AB2FB681A85FB68504ADA62B6
:1038400079897B693A6AF86800F0D2FC0346002B5C
:1038500001D001238DE000233B61FB681B685B699D
:103860003B61FB681B689B693B613B6966E07A6969
:10387000396AF86800F0D6FF0346002B0DD0FB68CC
:103880001B6C042B07D1FB681B681A68FB681B685C
:1038900042F400721A6001236BE0FB685B6A1A78DD
:1038A000FB681B681A61FB685B6A5A1CFB685A62FA
:1038B000FB685B8D9BB2013B9AB2FB685A85FB6843
:1038C0001B8D013B9AB2FB681A85FB681B685B691C
:1038D00003F00403042B1BD1FB681B8D002B17D0B6
:1038E000FB685B6A1A78FB681B681A61FB685B6A95
:1038F0005A1CFB685A62FB685B8D9BB2013B9AB213
:10390000FB685A85FB681B8D013B9AB2FB681A85E0
:103910007A69396AF86800F0CDFF0346002B0DD0B4
:10392000FB681B6C042B07D1FB681B681A68FB68DB
:103930001B6842F400721A6001231AE0FB681B8DB9
:10394000002B94D1FB681B681A68FB681B6842F463
:1039500000721A60FB68202283F83D20FB68002279
:1039600083F83E20FB68002283F83C20002300E01F
:10397000022318461837BD4680BD00BF0200100064
:103980000000FFFF80B58AB002AFF860B9603B600D
:103990001346FB80FFF728F8F861FB6893F83D3089
:1039A000DBB2202B40F0EE80BB68002B02D0FB88FE
:1039B000002B01D10123E6E0FB6893F83C30012B9A
:1039C00001D10223DFE0FB68012283F83C20FB6881
:1039D0001B681B6803F00103012B07D0FB681B6801
:1039E0001A68FB681B6842F001021A60FB681B68DA
:1039F0001A68FB681B6822F400621A60FB682222C6
:103A000083F83D20FB68202283F83E20FB680022DB
:103A10001A64FB68BA685A62FB68FA885A85FB68C0
:103A20005B8D9AB2FB681A85FB68594ADA62FB68BB
:103A30001B681A68FB681B6842F480621A60FB69A5
:103A400000933B6800225349F86800F0D1FD03461B
:103A5000002B01D0012396E00023BB61FB681B68AB
:103A60005B69BB61FB681B689B69BB61BB694EE01E
:103A7000FA693968F86800F0A9FF0346002B09D0FD
:103A8000FB681B681A68FB681B6822F480621A6076
:103A9000012378E0FB681B681A69FB685B6AD2B295
:103AA0001A70FB685B6A5A1CFB685A62FB681B8DC4
:103AB000013B9AB2FB681A85FB685B8D9BB2013BA8
:103AC0009AB2FB685A85FB681B685B6903F00403C4
:103AD000042B1CD1FB681B8D002B18D0FB681B68C6
:103AE0001A69FB685B6AD2B21A70FB685B6A5A1C7F
:103AF000FB685A62FB681B8D013B9AB2FB681A8512
:103B0000FB685B8D9BB2013B9AB2FB685A85FB68F0
:103B10001B8D002BACD1FA693968F86800F012FFF0
:103B20000346002B09D0FB681B681A68FB681B68FA
:103B300022F480621A60012325E000237B61FB6888
:103B40001B685B697B61FB681B681A68FB681B6804
:103B500042F001021A607B69FB681B681A68FB6807
:103B60001B6822F480621A60FB68202283F83D20E3
:103B7000FB68002283F83E20FB68002283F83C208B
:103B8000002300E0022318462037BD4680BD00BF59
:103B90000000FFFF0200010080B588B002AFF860AE
:103BA000084611461A4603467B810B463B81134665
:103BB000FB80FEF719FF7861FB6893F83D30DBB2BC
:103BC000202B40F0D9807B690093192301226D4995
:103BD000F86800F00DFD0346002B01D00223CCE075
:103BE000FB6893F83C30012B01D10223C5E0FB6850
:103BF000012283F83C20FB681B681B6803F001036B
:103C0000012B07D0FB681B681A68FB681B6842F031
:103C100001021A60FB681B681A68FB681B6822F4C3
:103C200000621A60FB68212283F83D20FB68402275
:103C300083F83E20FB6800221A64FB683A6A5A62E5
:103C4000FB68BA8C5A85FB685B8D9AB2FB681A8553
:103C5000FB684D4ADA62F8883A8979897B69019371
:103C6000BB6A00930346F86800F044FB0346002B50
:103C700052D0012381E07A69B96AF86800F0D2FD78
:103C80000346002B0DD0FB681B6C042B07D1FB688F
:103C90001B681A68FB681B6842F400721A600123F3
:103CA0006BE0FB685B6A1A78FB681B681A61FB684B
:103CB0005B6A5A1CFB685A62FB681B8D013B9AB217
:103CC000FB681A85FB685B8D9BB2013B9AB2FB686F
:103CD0005A85FB681B685B6903F00403042B1BD146
:103CE000FB681B8D002B17D0FB685B6A1A78FB689A
:103CF0001B681A61FB685B6A5A1CFB685A62FB68A6
:103D00001B8D013B9AB2FB681A85FB685B8D9BB2E9
:103D1000013B9AB2FB685A85FB681B8D002BAAD128
:103D20007A69B96AF86800F0C5FD0346002B0DD02A
:103D3000FB681B6C042B07D1FB681B681A68FB68C7
:103D40001B6842F400721A60012316E0FB681B68CE
:103D50001A68FB681B6842F400721A60FB68202234
:103D600083F83D20FB68002283F83E20FB68002298
:103D700083F83C20002300E0022318461837BD4694
:103D800080BD00BF020010000000FFFF80B58CB0B6
:103D900002AFF860084611461A4603467B810B467F
:103DA0003B811346FB80FEF71FFE7862FB6893F8A9
:103DB0003D30DBB2202B40F014827B6A0093192344
:103DC00001227B49F86800F013FC0346002B01D068
:103DD000022307E2FB6893F83C30012B01D1022358
:103DE00000E2FB68012283F83C20FB681B681B682B
:103DF00003F00103012B07D0FB681B681A68FB68FE
:103E00001B6842F001021A60FB681B681A68FB68B5
:103E10001B6822F400621A60FB68222283F83D20AE
:103E2000FB68402283F83E20FB6800221A64FB688E
:103E30003A6B5A62FB68BA8E5A85FB685B8D9AB200
:103E4000FB681A85FB685B4ADA62F8883A897989E7
:103E50007B6A0193BB6B00930346F86800F0E0FABD
:103E60000346002B01D00123BCE1FB681B8D002B16
:103E700013D100233B62FB681B685B693B62FB68F4
:103E80001B689B693B623B6AFB681B681A68FB689E
:103E90001B6842F400721A6090E1FB681B8D012BD5
:103EA0001BD1FB681B681A68FB681B6822F48062E0
:103EB0001A600023FB61FB681B685B69FB61FB68A0
:103EC0001B689B69FB61FB69FB681B681A68FB68E0
:103ED0001B6842F400721A6070E1FB681B8D022BB4
:103EE0001BD1FB681B681A68FB681B6822F48062A0
:103EF0001A60FB681B681A68FB681B6842F4006262
:103F00001A600023BB61FB681B685B69BB61FB68CF
:103F10001B689B69BB61BB6950E100237B61FB6847
:103F20001B685B697B61FB681B689B697B617B69C4
:103F300044E1FB681B8D032B00F2F180FB681B8DB5
:103F4000012B23D17A6AB96BF86800F03FFD034674
:103F5000002B01D0012345E1FB681B681A69FB684F
:103F60005B6AD2B21A70FB685B6A5A1CFB685A62C1
:103F7000FB681B8D013B9AB2FB681A85FB685B8D61
:103F80009BB2013B9AB2FB685A8517E1FB681B8D17
:103F9000022B4ED17B6A0093BB6B00220649F86866
:103FA00000F026FB0346002B08D001231AE100BFD6
:103FB000020010000000FFFF04000100FB681B6806
:103FC0001A68FB681B6842F400721A60FB681B6881
:103FD0001A69FB685B6AD2B21A70FB685B6A5A1C8A
:103FE000FB685A62FB681B8D013B9AB2FB681A851D
:103FF000FB685B8D9BB2013B9AB2FB685A85FB68FC
:104000001B681A69FB685B6AD2B21A70FB685B6A4C
:104010005A1CFB685A62FB681B8D013B9AB2FB6815
:104020001A85FB685B8D9BB2013B9AB2FB685A858F
:10403000C4E07B6A0093BB6B00226C49F86800F017
:10404000D7FA0346002B01D00123CBE0FB681B68A5
:104050001A68FB681B6822F480621A60FB681B68A0
:104060001A69FB685B6AD2B21A70FB685B6A5A1CF9
:10407000FB685A62FB681B8D013B9AB2FB681A858C
:10408000FB685B8D9BB2013B9AB2FB685A857B6AE9
:104090000093BB6B00225549F86800F0A9FA03466B
:1040A000002B01D001239DE0FB681B681A68FB68A8
:1040B0001B6842F400721A60FB681B681A69FB688F
:1040C0005B6AD2B21A70FB685B6A5A1CFB685A6260
:1040D000FB681B8D013B9AB2FB681A85FB685B8D00
:1040E0009BB2013B9AB2FB685A85FB681B681A6950
:1040F000FB685B6AD2B21A70FB685B6A5A1CFB6889
:104100005A62FB681B8D013B9AB2FB681A85FB68FB
:104110005B8D9BB2013B9AB2FB685A854EE07A6A8E
:10412000B96BF86800F052FC0346002B01D0012364
:1041300058E0FB681B681A69FB685B6AD2B21A70A8
:10414000FB685B6A5A1CFB685A62FB681B8D013B6B
:104150009AB2FB681A85FB685B8D9BB2013B9AB2F1
:10416000FB685A85FB681B685B6903F00403042B3A
:1041700024D1FB681B8D032B07D1FB681B681A68D1
:10418000FB681B6822F480621A60FB681B681A696E
:10419000FB685B6AD2B21A70FB685B6A5A1CFB68E8
:1041A0005A62FB681B8D013B9AB2FB681A85FB685B
:1041B0005B8D9BB2013B9AB2FB685A85FB681B8DF5
:1041C000002B7FF4B6AEFB68202283F83D20FB680D
:1041D000002283F83E20FB68002283F83C20002365
:1041E00000E0022318462837BD4680BD04000100C8
:1041F00080B588B002AFF8607A603B600B467B8187
:10420000FB68DB6A7B617B69082B06D07B69012B2D
:1042100003D07B6913F5803F08D1FB681B681A68DF
:10422000FB681B6842F480721A600BE0FB681B6B32
:10423000122B07D1FB681B681A68FB681B6842F4E5
:1042400080721A603B6800937B6800224FF0011176
:10425000F86800F0CDF90346002B0DD0FB681B6811
:104260001B6803F48073B3F5807F03D1FB684FF4C0
:1042700000721A64032335E0FB681B69B3F5804FB5
:1042800008D17B89DBB21A46FB681B6802F0FE028C
:104290001A611BE07B89DB11DBB203F00603DBB2A2
:1042A00063F00F03DAB2FB681B681A613B687A6837
:1042B0000E49F86800F016FA0346002B01D00123DE
:1042C00010E07B89DAB2FB681B681A613B687A6888
:1042D0000749F86800F006FA0346002B01D00123D5
:1042E00000E0002318461837BD4680BD08000100D5
:1042F0000200010080B588B002AFF86008461146A0
:104300001A4603467B810B463B811346FB80FB68C4
:104310001B681A68FB681B6842F480721A607B6A2B
:1043200000933B6A00224FF00111F86800F060F939
:104330000346002B0DD0FB681B681B6803F48073D9
:10434000B3F5807F03D1FB684FF400721A64032336
:104350005FE07B89DBB21A46FB681B6802F0FE0255
:104360001A617B6A3A6A2D49F86800F0BBF9034686
:10437000002B01D001234CE000237B61FB681B680C
:104380005B697B61FB681B689B697B617B697A6AFF
:10439000396AF86800F046FA0346002B0DD0FB6836
:1043A0001B6C042B07D1FB681B681A68FB681B6831
:1043B00042F400721A6001232BE0FB88012B05D127
:1043C0003B89DAB2FB681B681A6121E03B891B0A52
:1043D0009BB2DAB2FB681B681A617A6A396AF868BC
:1043E00000F020FA0346002B0DD0FB681B6C042B59
:1043F00007D1FB681B681A68FB681B6842F40072EF
:104400001A60012305E03B89DAB2FB681B681A6178
:10441000002318461837BD4680BD00BF02000100CA
:1044200080B588B002AFF860084611461A460346C8
:104430007B810B463B811346FB80FB681B681A6837
:10444000FB681B6842F480621A60FB681B681A688C
:10445000FB681B6842F480721A607B6A00933B6AB7
:1044600000224FF00111F86800F0C2F80346002B5B
:104470000DD0FB681B681B6803F48073B3F5807F65
:1044800003D1FB684FF400721A640323AAE07B890E
:10449000DBB21A46FB681B6802F0FE021A617B6AF7
:1044A0003A6A5249F86800F01DF90346002B01D022
:1044B000012397E000237B61FB681B685B697B61DC
:1044C000FB681B689B697B617B697A6A396AF8685B
:1044D00000F0A8F90346002B0DD0FB681B6C042BE1
:1044E00007D1FB681B681A68FB681B6842F40072FE
:1044F0001A60012376E0FB88012B05D13B89DAB2F3
:10450000FB681B681A6121E03B891B0A9BB2DAB287
:10451000FB681B681A617A6A396AF86800F082F9E8
:104520000346002B0DD0FB681B6C042B07D1FB68E6
:104530001B681A68FB681B6842F400721A6001234A
:1045400050E03B89DAB2FB681B681A617A6A396A03
:10455000F86800F067F90346002B0DD0FB681B6C70
:10456000042B07D1FB681B681A68FB681B6842F4C0
:1045700000721A60012335E0FB681B681A68FB684B
:104580001B6842F480721A607B6A00933B6A0022C7
:104590004FF00111F86800F02BF80346002B0DD006
:1045A000FB681B681B6803F48073B3F5807F03D13D
:1045B000FB684FF400721A64032313E07B89DBB2BB
:1045C00043F00103DAB2FB681B681A617B6A3A6A3E
:1045D0000649F86800F086F80346002B01D0012355
:1045E00000E0002318461837BD4680BD02000100D8
:1045F00080B584B000AFF860B9603B601346FB71D2
:1046000048E03B68B3F1FF3F44D0FEF7EDF90246C6
:10461000BB69D31A3A689A4202D33B68002B39D15E
:10462000BB681B0CDBB2012B0DD1FB681B685B69FF
:10463000DA43BB6813409BB2002B0CBF012300235D
:10464000DBB21A460CE0FB681B689B69DA43BB6867
:1046500013409BB2002B0CBF01230023DBB21A4690
:10466000FB799A4216D1FB6800221A63FB6820226C
:1046700083F83D20FB68002283F83E20FB681B6C1A
:1046800043F02002FB681A64FB68002283F83C2098
:10469000012323E0BB681B0CDBB2012B0DD1FB68AF
:1046A0001B685B69DA43BB6813409BB2002B0CBFED
:1046B00001230023DBB21A460CE0FB681B689B69F0
:1046C000DA43BB6813409BB2002B0CBF01230023CD
:1046D000DBB21A46FB799A4293D000231846103772
:1046E000BD4680BD80B584B000AFF860B9607A6027
:1046F0003B6071E0FB681B685B6903F48063B3F5A2
:10470000806F23D1FB681B681A68FB681B6842F442
:1047100000721A60FB681B686FF480625A61FB6864
:1047200000221A63FB68202283F83D20FB680022E8
:1047300083F83E20FB681B6C43F00402FB681A649C
:10474000FB68002283F83C20012367E07B68B3F11B
:10475000FF3F41D0FEF748F902463B68D31A7A681A
:104760009A4202D37B68002B36D1BB681B0CDBB2AC
:10477000012B0CD1FB681B685B69DA43BB681340F3
:104780009BB2002B14BF01230023DBB20BE0FB68BC
:104790001B689B69DA43BB6813409BB2002B14BFB4
:1047A00001230023DBB2002B16D0FB6800221A6322
:1047B000FB68202283F83D20FB68002283F83E201E
:1047C000FB681B6C43F02002FB681A64FB68002244
:1047D00083F83C20012321E0BB681B0CDBB2012BDA
:1047E0000CD1FB681B685B69DA43BB6813409BB262
:1047F000002B14BF01230023DBB20BE0FB681B6816
:104800009B69DA43BB6813409BB2002B14BF0123A2
:104810000023DBB2002B7FF46DAF00231846103766
:10482000BD4680BD80B584B000AFF860B9607A60E5
:1048300034E0F86800F027F90346002B01D001238B
:1048400034E0BB68B3F1FF3F28D0FEF7CDF8024655
:104850007B68D31ABA689A4202D3BB68002B1DD179
:10486000FB681B685B6903F08003802B16D0FB6834
:1048700000221A63FB68202283F83D20FB68002297
:1048800083F83E20FB681B6C43F02002FB681A642F
:10489000FB68002283F83C20012307E0FB681B68CB
:1048A0005B6903F08003802BC3D1002318461037C7
:1048B000BD4680BD80B584B000AFF860B9607A6055
:1048C00034E0F86800F0DFF80346002B01D0012344
:1048D00034E0BB68B3F1FF3F28D0FEF785F802460D
:1048E0007B68D31ABA689A4202D3BB68002B1DD1E9
:1048F000FB681B685B6903F00403042B16D0FB689C
:1049000000221A63FB68202283F83D20FB68002206
:1049100083F83E20FB681B6C43F02002FB681A649E
:10492000FB68002283F83C20012307E0FB681B683A
:104930005B6903F00403042BC3D10023184610372E
:10494000BD4680BD80B584B000AFF860B9607A60C4
:1049500030E0F86800F097F80346002B01D00123FF
:1049600030E0FEF741F802467B68D31ABA689A42F3
:1049700002D3BB68002B1DD1FB681B685B6903F089
:104980001003102B16D0FB6800221A63FB6820224C
:1049900083F83D20FB68002283F83E20FB681B6CF7
:1049A00043F02002FB681A64FB68002283F83C2075
:1049B000012307E0FB681B685B6903F01003102B01
:1049C000C7D1002318461037BD4680BD80B584B0DE
:1049D00000AFF860B9607A6049E0FB681B685B690A
:1049E00003F01003102B19D1FB681B686FF0100245
:1049F0005A61FB6800221A63FB68202283F83D207D
:104A0000FB68002283F83E20FB681A6CFB681A647E
:104A1000FB68002283F83C20012330E0FDF7E4FF2F
:104A200002467B68D31ABA689A4202D3BB68002B4D
:104A30001DD1FB681B685B6903F04003402B16D057
:104A4000FB6800221A63FB68202283F83D20FB6884
:104A5000002283F83E20FB681B6C43F02002FB68B9
:104A60001A64FB68002283F83C20012307E0FB68FE
:104A70001B685B6903F04003402BAED1002318464E
:104A80001037BD4680BD80B483B000AF78607B68CE
:104A90001B685B6903F48063B3F5806F1BD17B688F
:104AA0001B686FF480625A617B6800221A637B681E
:104AB000202283F83D207B68002283F83E207B681B
:104AC0001B6C43F004027B681A647B68002283F845
:104AD0003C20012300E0002318460C37BD465DF85A
:104AE000047B704780B586B000AF78607B68002B90
:104AF00001D1012367E27B681B6803F00103002BEF
:104B000075D0884B9B6803F00C03042B0CD0854BAD
:104B10009B6803F00C03082B12D1824B5B6803F4F3
:104B20008003B3F5800F0BD17E4B1B6803F4003379
:104B3000002B5BD07B685B68002B57D1012342E2DE
:104B40007B685B68B3F5803F06D1764B1B68754A7E
:104B500043F4803313601DE07B685B68B3F5A02FDE
:104B60000CD1704B1B686F4A43F4802313606D4B6C
:104B70001B686C4A43F4803313600BE0694B1B687D
:104B8000684A23F480331360664B1B68654A23F43C
:104B9000802313607B685B68002B13D0FDF724FF34
:104BA000386108E0FDF720FF02463B69D31A642B09
:104BB00001D9032307E25B4B1B6803F40033002B8E
:104BC000F0D014E0FDF710FF386108E0FDF70CFFAE
:104BD00002463B69D31A642B01D90323F3E1514BFD
:104BE0001B6803F40033002BF0D100E000BF7B68AA
:104BF0001B6803F00203002B63D04A4B9B6803F051
:104C00000C03002B0BD0474B9B6803F00C03082BC5
:104C10001CD1444B5B6803F48003002B16D1414B3D
:104C20001B6803F00203002B05D07B68DB68012BB7
:104C300001D00123C7E13B4B1B6823F0F8027B68DE
:104C40001B69DB00374913430B603AE07B68DB6884
:104C5000002B20D0344B01221A60FDF7C5FE3861CD
:104C600008E0FDF7C1FE02463B69D31A022B01D9C9
:104C70000323A8E12B4B1B6803F00203002BF0D0A9
:104C8000284B1B6823F0F8027B681B69DB00254971
:104C900013430B6015E0244B00221A60FDF7A4FEBD
:104CA000386108E0FDF7A0FE02463B69D31A022BEB
:104CB00001D9032387E11B4B1B6803F00203002B80
:104CC000F0D17B681B6803F00803002B36D07B68AB
:104CD0005B69002B16D0154B01221A60FDF784FE8C
:104CE000386108E0FDF780FE02463B69D31A022BCB
:104CF00001D9032367E10B4B5B6F03F00203002B29
:104D0000F0D01BE0094B00221A60FDF76DFE386100
:104D10000EE0FDF769FE02463B69D31A022B07D964
:104D2000032350E10038024000004742800E474212
:104D3000884B5B6F03F00203002BEAD17B681B6892
:104D400003F00403002B00F097800023FB75814BD8
:104D50001B6C03F08053002B0FD10023BB607D4BF5
:104D60001B6C7C4A43F0805313647A4B1B6C03F03A
:104D70008053BB60BB680123FB75774B1B6803F452
:104D80008073002B18D1744B1B68734A43F48073F3
:104D90001360FDF729FE386108E0FDF725FE0246A5
:104DA0003B69D31A022B01D903230CE16A4B1B6820
:104DB00003F48073002BF0D07B689B68012B06D135
:104DC000644B1B6F634A43F0010313671CE07B686D
:104DD0009B68052B0CD15F4B1B6F5E4A43F00403AD
:104DE00013675C4B1B6F5B4A43F0010313670BE0D7
:104DF000584B1B6F574A23F001031367554B1B6F2A
:104E0000544A23F0040313677B689B68002B15D07A
:104E1000FDF7EAFD38610AE0FDF7E6FD02463B6971
:104E2000D31A41F28832934201D90323CBE0494B94
:104E30001B6F03F00203002BEED014E0FDF7D4FD4E
:104E400038610AE0FDF7D0FD02463B69D31A41F212
:104E50008832934201D90323B5E03E4B1B6F03F028
:104E60000203002BEED1FB7D012B05D1394B1B6CCE
:104E7000384A23F0805313647B689B69002B00F051
:104E8000A180344B9B6803F00C03082B5CD07B683B
:104E90009B69022B41D1314B00221A60FDF7A4FD22
:104EA000386108E0FDF7A0FD02463B69D31A022BEA
:104EB00001D9032387E0274B1B6803F00073002B05
:104EC000F0D17B68DA697B681B6A1A437B685B6A8E
:104ED0009B011A437B689B6A5B08013B1B041A43D6
:104EE0007B68DB6A1B061B4913434B601B4B01228B
:104EF0001A60FDF779FD386108E0FDF775FD02469F
:104F00003B69D31A022B01D903235CE0114B1B68C8
:104F100003F00073002BF0D054E0104B00221A6015
:104F2000FDF762FD386108E0FDF75EFD02463B6972
:104F3000D31A022B01D9032345E0064B1B6803F06B
:104F40000073002BF0D13DE07B689B69012B07D1FA
:104F5000012338E000380240007000406000474202
:104F60001B4B5B68FB607B689B69012B28D0FB684F
:104F700003F480027B68DB699A4221D1FB6803F06D
:104F80003F027B681B6A9A421AD1FA6847F6C073DF
:104F900013407A68526A9201934211D1FB6803F47C
:104FA00040327B689B6A5B08013B1B049A4207D135
:104FB000FB6803F070627B68DB6A1B069A4201D0D3
:104FC000012300E0002318461837BD4680BD00BF0E
:104FD0000038024080B584B000AF786039607B68EB
:104FE000002B01D10123CCE0684B1B6803F00703C1
:104FF0003A689A420CD9654B3A68D2B21A70634B40
:105000001B6803F007033A689A4201D00123B8E015
:105010007B681B6803F00203002B20D07B681B68B1
:1050200003F00403002B05D0594B9B68584A43F406
:10503000E05393607B681B6803F00803002B05D0E6
:10504000534B9B68524A43F460439360504B9B68B8
:1050500023F0F0027B689B684D4913438B607B68AB
:105060001B6803F00103002B44D07B685B68012BB5
:1050700007D1474B1B6803F40033002B19D10123E0
:105080007FE07B685B68022B03D07B685B68032B47
:1050900007D13F4B1B6803F00073002B09D101239C
:1050A0006FE03B4B1B6803F00203002B01D101238F
:1050B00067E0374B9B6823F003027B685B683449E9
:1050C00013438B60FDF790FCF8600AE0FDF78CFC61
:1050D0000246FB68D31A41F28832934201D9032376
:1050E0004FE02B4B9B6803F00C027B685B689B00D6
:1050F0009A42EBD1254B1B6803F007033A689A42AA
:105100000CD2224B3A68D2B21A70204B1B6803F0C3
:1051100007033A689A4201D0012332E07B681B689A
:1051200003F00403002B08D0194B9B6823F4E052D2
:105130007B68DB68164913438B607B681B6803F050
:105140000803002B09D0124B9B6823F460427B6854
:105150001B69DB000E4913438B6000F021F8024607
:105160000B4B9B681B0903F00F030A49CB5C22FA27
:1051700003F3094A1360094B1B681846FDF7F0FB5F
:10518000002318461037BD4680BD00BF003C0240DA
:1051900000380240608B0008140000201800002036
:1051A0002DE9B04F94B000AF00237B640023FB6473
:1051B00000233B640023BB64794B9B6803F00C0322
:1051C000082B0DD0082B00F2E180002B02D0042B1D
:1051D00003D0DBE0734BBB64DBE0734BBB64D8E014
:1051E0006F4B5B6803F03F037B646D4B5B6803F4BC
:1051F0008003002B63D06A4B5B689B090022BB6372
:10520000FA63BB6BC3F308033B6300237B63D7E9FB
:105210000C4522462B464FF000004FF0000159018B
:1052200041EAD261500102460B462146511A3961CA
:10523000294663EB01037B614FF000024FF000034E
:10524000D7E904AB59468B01514643EA9163514675
:105250008A015146B2EB0108594663EB01094FF050
:1052600000024FF000034FEAC90343EA58734FEAC4
:10527000C80290469946234618EB0303BB602B46B1
:1052800049EB0303FB604FF000024FF00003D7E946
:10529000024529464B02214643EAD15321464A02A0
:1052A000104619467B6C0022BB62FA62D7E90A23DA
:1052B000FBF7CAFC02460B461346FB6458E0384B2A
:1052C0005B689B09002218461146C0F308033B6245
:1052D00000237B62D7E9088942464B464FF0000025
:1052E0004FF00001590141EAD261500102460B46DC
:1052F0004146B2EB010A494663EB010B4FF0000255
:105300004FF000034FEA8B1343EA9A634FEA8A1285
:10531000B2EB0A0463EB0B054FF000024FF0000301
:10532000EB0043EA5473E20014461D464346E3187B
:105330003B604B4645EB03037B604FF000024FF0B0
:105340000003D7E9004529468B02214643EA9153E1
:1053500021468A02104619467B6C0022BB61FA6125
:10536000D7E90623FBF770FC02460B461346FB64A5
:105370000B4B5B681B0C03F0030301335B003B64C6
:10538000FA6C3B6CB2FBF3F3BB6402E0054BBB640D
:1053900000BFBB6C18465037BD46BDE8B08F00BF9C
:1053A000003802400024F40000127A0080B400AFFC
:1053B000034B1B681846BD465DF8047B704700BF71
:1053C0001400002080B500AFFFF7F0FF0246054B48
:1053D0009B689B0A03F007030349CB5C22FA03F3A3
:1053E000184680BD00380240708B000880B582B03E
:1053F00000AF78607B68002B01D1012341E07B681E
:1054000093F83D30DBB2002B06D17B68002283F895
:105410003C207868FDF710F97B68022283F83D2074
:105420007B681A687B6804331946104600F0E6FA78
:105430007B68012283F846207B68012283F83E20A6
:105440007B68012283F83F207B68012283F840209B
:105450007B68012283F841207B68012283F8422087
:105460007B68012283F843207B68012283F8442073
:105470007B68012283F845207B68012283F83D2068
:10548000002318460837BD4680BD000080B485B0B3
:1054900000AF78607B6893F83D30DBB2012B01D020
:1054A000012346E07B68022283F83D207B681B686D
:1054B000234A934222D07B681B68B3F1804F1DD0F2
:1054C0007B681B681F4A934218D07B681B681E4A82
:1054D000934213D07B681B681C4A93420ED07B68B2
:1054E0001B681B4A934209D07B681B68194A934288
:1054F00004D07B681B68184A934211D17B681B68F3
:105500009B6803F00703FB60FB68062B10D07B68E9
:105510001B681A687B681B6842F001021A6007E08A
:105520007B681B681A687B681B6842F001021A607E
:10553000002318461437BD465DF8047B704700BF52
:10554000000001400004004000080040000C004042
:1055500000040140004001400018004080B485B0C4
:1055600000AF78607B6893F83D30DBB2012B01D04F
:1055700001234EE07B68022283F83D207B681B6894
:10558000DA687B681B6842F00102DA607B681B689E
:10559000234A934222D07B681B68B3F1804F1DD011
:1055A0007B681B681F4A934218D07B681B681E4AA1
:1055B000934213D07B681B681C4A93420ED07B68D1
:1055C0001B681B4A934209D07B681B68194A9342A7
:1055D00004D07B681B68184A934211D17B681B6812
:1055E0009B6803F00703FB60FB68062B10D07B6809
:1055F0001B681A687B681B6842F001021A6007E0AA
:105600007B681B681A687B681B6842F001021A609D
:10561000002318461437BD465DF8047B704700BF71
:10562000000001400004004000080040000C004061
:1056300000040140004001400018004080B584B0E3
:1056400000AF78607B681B68DB68FB607B681B6869
:105650001B69BB60BB6803F00203002B20D0FB6812
:1056600003F00203002B1BD07B681B686FF0020263
:105670001A617B6801221A777B681B689B6903F0BB
:105680000303002B03D0786800F099F905E07868EF
:1056900000F08BF9786800F09CF97B6800221A779B
:1056A000BB6803F00403002B20D0FB6803F0040365
:1056B000002B1BD07B681B686FF004021A617B68AB
:1056C00002221A777B681B689B6903F44073002BE6
:1056D00003D0786800F073F905E0786800F065F9A8
:1056E000786800F076F97B6800221A77BB6803F0CF
:1056F0000803002B20D0FB6803F00803002B1BD00D
:105700007B681B686FF008021A617B6804221A77B5
:105710007B681B68DB6903F00303002B03D0786808
:1057200000F04DF905E0786800F03FF9786800F086
:1057300050F97B6800221A77BB6803F01003002B36
:1057400020D0FB6803F01003002B1BD07B681B6884
:105750006FF010021A617B6808221A777B681B6859
:10576000DB6903F44073002B03D0786800F027F95D
:1057700005E0786800F019F9786800F02AF97B688C
:1057800000221A77BB6803F00103002B0CD0FB68E2
:1057900003F00103002B07D07B681B686FF0010248
:1057A0001A617868FCF7CEFDBB6803F08003002B1C
:1057B0000CD0FB6803F08003002B07D07B681B68CC
:1057C0006FF080021A61786800F0E4FABB6803F0B9
:1057D0004003002B0CD0FB6803F04003002B07D0E4
:1057E0007B681B686FF040021A61786800F0FBF874
:1057F000BB6803F02003002B0CD0FB6803F02003F0
:10580000002B07D07B681B686FF020021A61786854
:1058100000F0B6FA00BF1037BD4680BD80B584B039
:1058200000AF786039600023FB737B6893F83C30ED
:10583000012B01D10223B4E07B68012283F83C20D4
:105840007B68022283F83D207B681B689B68BB60F5
:10585000BB6823F07703BB60BB6823F47F43BB6066
:105860007B681B68BA689A603B681B68B3F5005F89
:105870003ED0B3F5005F00F28780B3F5805F00F0A3
:105880008680B3F5805F7FD8702B1AD0702B7BD8C1
:10589000602B50D0602B77D8502B3CD0502B73D836
:1058A000402B58D0402B6FD8302B64D0302B6BD886
:1058B000202B60D0202B67D8002B5CD0102B5AD027
:1058C00062E07B6818683B6899683B685A683B6887
:1058D000DB6800F0B9F97B681B689B68BB60BB683C
:1058E00043F07703BB607B681B68BA689A604FE03F
:1058F0007B6818683B6899683B685A683B68DB6856
:1059000000F0A2F97B681B689A687B681B6842F408
:1059100080429A603CE07B6818683B6859683B6845
:10592000DB681A4600F016F97B681B6850211846A0
:1059300000F06FF92CE07B6818683B6859683B6899
:10594000DB681A4600F035F97B681B686021184651
:1059500000F05FF91CE07B6818683B6859683B6899
:10596000DB681A4600F0F6F87B681B684021184691
:1059700000F04FF90CE07B681A683B681B68194619
:10598000104600F046F903E00123FB7300E000BF7E
:105990007B68012283F83D207B68002283F83C204D
:1059A000FB7B18461037BD4680BD80B483B000AF86
:1059B000786000BF0C37BD465DF8047B704780B44B
:1059C00083B000AF786000BF0C37BD465DF8047B44
:1059D000704780B483B000AF786000BF0C37BD461D
:1059E0005DF8047B704780B483B000AF786000BF7F
:1059F0000C37BD465DF8047B7047000080B485B06D
:105A000000AF786039607B681B68FB607B68464A42
:105A1000934213D07B68B3F1804F0FD07B68434A29
:105A200093420BD07B68424A934207D07B68414A3D
:105A3000934203D07B68404A934208D1FB6823F02D
:105A40007003FB603B685B68FA681343FB607B682C
:105A5000354A93422BD07B68B3F1804F27D07B68C7
:105A6000324A934223D07B68314A93421FD07B68ED
:105A7000304A93421BD07B682F4A934217D07B68F1
:105A80002E4A934213D07B682D4A93420FD07B68F5
:105A90002C4A93420BD07B682B4A934207D07B68F9
:105AA0002A4A934203D07B68294A934208D1FB6873
:105AB00023F44073FB603B68DB68FA681343FB60C8
:105AC000FB6823F080023B685B691343FB607B68E3
:105AD000FA681A603B689A687B68DA623B681A6801
:105AE0007B689A627B68104A934203D07B68124AB3
:105AF000934203D13B681A697B681A637B68012271
:105B00005A617B681B6903F00103012B05D17B6897
:105B10001B6923F001027B681A6100BF1437BD4680
:105B20005DF8047B704700BF0000014000040040A6
:105B300000080040000C004000040140004001400B
:105B4000004401400048014000180040001C004093
:105B50000020004080B487B000AFF860B9607A6080
:105B6000FB681B6A7B61FB681B6A23F00102FB6810
:105B70001A62FB689B693B613B6923F0F0033B6160
:105B80007B681B013A6913433B617B6923F00A037D
:105B90007B617A69BB6813437B61FB683A699A61F0
:105BA000FB687A691A6200BF1C37BD465DF8047B4A
:105BB000704780B487B000AFF860B9607A60FB6866
:105BC0001B6A7B61FB681B6A23F01002FB681A6288
:105BD000FB689B693B613B6923F470433B617B68D5
:105BE0001B033A6913433B617B6923F0A0037B618C
:105BF000BB681B017A6913437B61FB683A699A6150
:105C0000FB687A691A6200BF1C37BD465DF8047BE9
:105C1000704780B485B000AF786039607B689B685E
:105C2000FB60FB6823F07003FB603A68FB6813437A
:105C300043F00703FB607B68FA689A6000BF143783
:105C4000BD465DF8047B704780B487B000AFF86054
:105C5000B9607A603B60FB689B687B617B6923F479
:105C60007F437B613B681A027B681A43BB6813431E
:105C70007A6913437B61FB687A699A6000BF1C37BD
:105C8000BD465DF8047B704780B485B000AF786096
:105C900039607B6893F83C30012B01D102235AE034
:105CA0007B68012283F83C207B68022283F83D2038
:105CB0007B681B685B68FB607B681B689B68BB60DC
:105CC000FB6823F07003FB603B681B68FA681343B2
:105CD000FB607B681B68FA685A607B681B68214A16
:105CE000934222D07B681B68B3F1804F1DD07B6844
:105CF0001B681D4A934218D07B681B681B4A93425D
:105D000013D07B681B681A4A93420ED07B681B68CD
:105D1000184A934209D07B681B68174A934204D003
:105D20007B681B68154A93420CD1BB6823F0800343
:105D3000BB603B685B68BA681343BB607B681B68E9
:105D4000BA689A607B68012283F83D207B68002254
:105D500083F83C20002318461437BD465DF8047BC9
:105D6000704700BF000001400004004000080040F0
:105D7000000C0040000401400040014000180040B9
:105D800080B483B000AF786000BF0C37BD465DF8CB
:105D9000047B704780B483B000AF786000BF0C37DD
:105DA000BD465DF8047B70472DE9FF4755EC104B6D
:105DB000002D0E4619462B46BBBF05F100431D467C
:105DC00000232D230B700D9BDDF830A0914623F0AE
:105DD0002008BCBF22461446B8F1460F05D0B8F1E2
:105DE000450F00D10136022100E0032103AB0193EE
:105DF00002AB009345EC104B5346324600F068FE70
:105E0000B8F1470F074602D119F0010F22D0B8F1BF
:105E1000460F07EB060910D13B78302B0AD1002240
:105E2000002320462946FAF74FFE18B9C6F10106AD
:105E3000CAF80060DAF800309944002200232046B6
:105E40002946FAF741FE08B1CDF80C903022039BA9
:105E50004B4507D3039B0E9ADB1B3846136004B0F7
:105E6000BDE8F087591C03911A70F0E7F7B50346B7
:105E70000029B8BF494203F8022BB4BF2D222B22C0
:105E8000092942702ADD0DF1070217460A269446B9
:105E900091FBF6F506FB151430340CF8014C0C465A
:105EA000632C02F1FF322946F1DC3031ACF10204FF
:105EB00002F8011C411C2246BA420AD30DF1090224
:105EC000A2EB0C02BC4288BF00221344181A03B094
:105ED000F0BD12F8015B01F8015FEDE730233031CE
:105EE0008370C170031DF1E72DE9F04F2DED028B9A
:105EF0008DB00C46DDF8608016461F46054600F062
:105F0000E7FCD0F800A05046FAF7B2F900230A9354
:105F100023680593D8F8003094F818B0073323F0BD
:105F2000070303F10802C8F80020D3E9008929F02B
:105F300000430793CDF8188008EE100AC4E91289CF
:105F4000DDE906019E4B4FF0FF32FAF7EFFD88BB0B
:105F5000DDE906019A4B4FF0FF32FAF7C9FD48BB65
:105F60000022002340464946FAF7B8FD10B12D2320
:105F700084F84330934A944BBBF1470F94BF90464B
:105F8000984603232361059B23F0040323604FF00D
:105F90000009009733460BAA2146284600F0DAF99B
:105FA000013040F090804FF0FF300DB0BDEC028B1F
:105FB000BDE8F08F42464B4640464946FAF7B6FDEB
:105FC00040B14B46002BBCBF2D2384F843307F4AA1
:105FD0007F4BD1E763680BF0DF0206925A1C3FD17A
:105FE00006236360059B616843F48062002303938A
:105FF0000AABCDE901B309AB49EC108B00932260E9
:106000000DF123032846FFF7CFFE069B0999472B86
:10601000804608D1C81C02DB6368994241DDABF1C0
:1060200002035FFA83FBBBF1650F20D801395A46A2
:1060300004F150000991FFF719FF0A9A1318012A79
:106040008146236102DC2268D20701D50133236136
:106050009DF82330002B9CD02D2384F8433098E703
:10606000069A472ABED1002BBCD10123B9E7BBF168
:10607000660F18D1002963680BDD216113B922680E
:10608000D00702D501330B442361A1654FF000090D
:10609000DEE713B92268D20701D50233F4E7012302
:1060A000F2E74FF0670B0A9B994205DB23682161F9
:1060B000D807EAD54B1CE7E70029D4BFC1F102029B
:1060C00001221344E0E723685A0507D423694246B6
:1060D00031462846B84701302CD164E7BBF1650F43
:1060E00040F2E080D4E9120100220023FAF7ECFC30
:1060F000002834D0374A012331462846B8470130BA
:106100003FF451AFDDE909239A4202DB2368D80747
:1061100010D518EE103A524631462846B84701309D
:106120003FF441AF4FF0000804F11A090A9B013B0C
:10613000434509DC23689B0700F10781E0680B9B5E
:106140009842B8BF184630E701234A4631462846F0
:10615000B84701303FF427AF08F10108E6E7099B93
:10616000002B39DC1B4A012331462846B847013051
:106170003FF419AFDDE90932134302D12368D9078F
:10618000D8D518EE103A524631462846B847013065
:106190003FF409AF4FF0000904F11A0A099B5B4272
:1061A0004B4501DC0A9B92E70123524631462846C3
:1061B000B84701303FF4F7AE09F10109EEE700BF3F
:1061C000FFFFEF7F788B00087C8B0008808B000836
:1061D000848B0008888B00080A9AA36D9A42A8BF96
:1061E0001A46002A914637DC4FF0000B29EAE9797C
:1061F00004F11A02A36D0593A3EB09035B4533DC9D
:10620000DDE909239A423BDB2368DA0738D4DDE96C
:106210000932A2EB0309059BD21A9145A8BF91460A
:10622000B9F1000F35DC4FF0000829EAE97904F1F3
:106230001A0ADDE909239B1AA3EB090343457FF7FB
:1062400079AF0123524631462846B84701303FF422
:10625000AAAE08F10108ECE713463146424628464B
:10626000B8470130C0D19EE6012331462846059249
:10627000B84701303FF497AE059A0BF1010BB9E72F
:1062800018EE103A524631462846B8470130BED182
:1062900089E6059A4B46424431462846B8470130C4
:1062A000C1D180E60A9A012A01DCDB073AD5012335
:1062B000424631462846B84701303FF474AE18EEE6
:1062C000103A524631462846B84701303FF46BAE8B
:1062D000D4E9120100220023DDF828A0FAF7F4FB2C
:1062E000D8B90AF1FF3308F1010231462846B84710
:1062F00001300ED157E60123524631462846B847B1
:1063000001303FF450AE08F101080A9B013B4345C0
:10631000F1DC4B4604F15002DAE64FF0000804F1DC
:106320001A0AF2E701234246DFE701234A463146D3
:106330002846B84701303FF436AE08F10108E3685B
:106340000B995B1A4345F0DCF8E64FF0000804F1C6
:106350001909F4E72DE9F047164699468A680B6952
:10636000DDF820809342B8BF1346336091F8432094
:1063700007460C460AB1013333602368990642BFD1
:10638000336802333360256815F0060506D104F141
:10639000190AE36832689B1AAB4226DC94F8432062
:1063A000131E226818BF012392062BD404F1430266
:1063B00049463846C04701301ED02368226903F0A1
:1063C0000603042B02BFE5683368ED1AA3680CBF0F
:1063D00025EAE57500259342C4BF9B1AED180026F7
:1063E0001A34B5421AD1002008E00123524649462A
:1063F0003846C047013003D14FF0FF30BDE8F08789
:106400000135C6E7E1185A1C302081F843002244C8
:1064100094F8451082F843100233C7E7012322465F
:1064200049463846C0470130E6D00136D9E700007A
:106430002DE9FF470F7E0C9D782F914680460C4634
:106440009A4601F1430207D8622F0AD8002F00F0C4
:10645000D480582F00F0C08004F1420584F84270C7
:106460003AE0A7F16303152BF6D801A151F823F008
:10647000C9640008DD640008596400085964000814
:106480005964000859640008DD6400085964000874
:10649000596400085964000859640008E16500085F
:1064A000096500089B6500085964000859640008E4
:1064B000036600085964000809650008596400086B
:1064C00059640008A36500082B681A1D1B682A6020
:1064D00004F1420584F8423001239FE020682B68D4
:1064E000070603F10401296001D51E6803E0460692
:1064F000FBD5B3F90060002E03DA2D23764284F831
:1065000043305A480A2312E02B682068191D29607D
:10651000050601D51E6802E04106FBD51E885348DA
:106520006F2F0CBF08230A23002184F843106568ED
:10653000A560002DA2BF216821F0040121600EB9E1
:10654000002D4BD01546B6FBF3F103FB1167C75D79
:1065500005F8017D3746BB420E46F4D9082B0BD116
:106560002368DE0708D5236961689942DEBF3023BE
:1065700005F8013C05F1FF35521B2261CDF800A062
:106580004B4603AA21464046FFF7E4FE01304AD1BC
:106590004FF0FF3004B0BDE8F087236843F02003DC
:1065A00023603348782784F84570236829681F06DC
:1065B00051F8046B02D45F0648BFB6B2DF0748BF8C
:1065C00043F02003296048BF23601EB9236823F0ED
:1065D000200323601023A7E72448E4E71546BDE71E
:1065E0002B6826686169181D286035061B6801D56F
:1065F000196002E07006FBD519800023236115465F
:10660000BCE72B681A1D2A601D68626800212846B5
:10661000F9F7DEFD08B1401B606063682361002369
:1066200084F84330AAE723692A4649464046D047C2
:106630000130ADD023689B0713D4E068039B9842D8
:10664000B8BF1846A6E70123324649464046D04720
:1066500001309DD00135E36803995B1AAB42F2DC4F
:10666000EBE7002504F11906F5E700BF8A8B000867
:106670009B8B0008002310B50446C0E90033C0E935
:106680000433836081814366C28183611946082295
:106690005C3000F014F90D4B63620D4BA3620D4B9F
:1066A000E3620D4B23630D4B24629C4206D003F141
:1066B0006802944202D0D0339C4205D104F15800C4
:1066C000BDE8104000F078B910BD00BF396800087F
:1066D0005B68000893680008B76800085804002049
:1066E000024A0349034800F069B800BF20000020B7
:1066F000698300082C00002041680C4B994210B5BA
:10670000044601D001F030FEA168094B994202D045
:10671000204601F029FEE168064B994204D020464C
:10672000BDE8104001F020BE10BD00BF580400209D
:10673000C00400202805002010B50B4B0B4C0C4A60
:106740001A60204600220421FFF794FF04F168003C
:1067500001220921FFF78EFF04F1D0000222BDE8DB
:1067600010401221FFF786BF90050020580400203A
:10677000E1660008014800F020B900BF990500203B
:10678000014800F01BB900BF9905002010B5044670
:10679000FFF7F0FF236A1BB1BDE81040FFF7F0BF21
:1067A000044B2362044B1B68002BF5D1FFF7C4FF99
:1067B000F2E700BFF9660008900500202DE9F843D4
:1067C0000746884614460026D4E90195B9F1010927
:1067D00005D52468002CF7D13046BDE8F883AB8995
:1067E000012B07D9B5F90E30013303D029463846BD
:1067F000C04706436835E9E70EB400B59CB01DAB51
:10680000029006906FF000410948079104910949F0
:1068100053F8042B05910068019302A901F020FCB4
:10682000029B00221A701CB05DF804EB03B07047A5
:10683000780000200802FFFF10B50C46B1F90E10D9
:1068400000F06CF80028ABBF636DA3891B1823F41C
:106850008053ACBF6365A38110BD2DE9F0411F4695
:106860008B89DB0505460C46164605D5B1F90E1099
:106870000223002200F040F8A389B4F90E1023F49B
:106880008053A38132463B462846BDE8F04100F0E4
:1068900057B810B50C46B1F90E1000F02DF8431C96
:1068A000A38915BF606523F4805343F48053A3810B
:1068B00018BFA38110BDB1F90E1000F00DB802444D
:1068C0000346934200D1704703F8011BF9E700002B
:1068D000004870476C01002038B5064D002304467F
:1068E00008462B60FBF773FF431C02D12B6803B1F2
:1068F000236038BD9405002038B5074D044608468E
:10690000114600222A601A46FBF788FF431C02D179
:106910002B6803B1236038BD9405002038B5074DBE
:1069200004460846114600222A601A46FBF716FF65
:10693000431C02D12B6803B1236038BD94050020AD
:1069400038B5074D04460846114600222A601A460B
:10695000FBF721FF431C02D12B6803B1236038BD34
:1069600094050020014B1868704700BF7800002094
:1069700070B50D4D0D4C641BA4100026A64209D124
:106980000B4D0C4C02F094F8641BA4100026A64298
:1069900005D170BD55F8043B98470136EEE755F830
:1069A000043B98470136F2E7F48E0008F48E0008A5
:1069B000F48E0008F88E00087047704770472DE984
:1069C000F74F03690C69A34207467EDB013C01F1E6
:1069D000140800F1140505EB8403019358F82430E2
:1069E00055F8242001339A424FEA840B08EB8409BE
:1069F000B2FBF3F631D34FF0000E4046AC46F24600
:106A000050F8042B93B206FB03E34FEA124E1A0C24
:106A10009BB2AAEB0303DCF800A013FA8AF306FB8F
:106A20000E220093009B4FEA124E92B2C2EB1A4222
:106A300002EB2342BDF80030814543EA02434CF8A3
:106A4000043B4FEA224ADBD255F80B302BB9019BAD
:106A5000043B9D421A462CD33C61384601F0A6F90E
:106A6000002822DB01362946002058F8042BD1F8F3
:106A700000C093B2C31A120C13FA8CF3C2EB1C427F
:106A800002EB23429BB243EA0243C14541F8043B77
:106A90004FEA2240E9D255F8242005EB840322B9BD
:106AA000043B9D421A460AD33C61304603B0BDE820
:106AB000F08F1268043B002ACED1013CC9E712686E
:106AC000043B002AF0D1013CEBE70020EEE7000098
:106AD0002DE9F04F2DED048BC56993B08DED020BC0
:106AE00057EC106BDDF88080079104460A920D93F5
:106AF00075B9102000F02AFE0246E06120B9AE4BC5
:106B0000EF21AE4801F090FCC0E901550560C56079
:106B1000E369196851B15A684A60012393408B6058
:106B2000204600F007FFE36900221A603B1EBBBF4E
:106B300023F00043039300230122ACBFC8F80030C8
:106B4000C8F800209E4BDDF80C8033EA08031BD107
:106B50000D9A42F20F731360C8F31303334300F02E
:106B60009385219B63B9974B27E0974B009308339C
:106B7000219A1360009813B0BDEC048BBDE8F08F30
:106B8000904B00930333F3E79DED027B002251EC21
:106B9000170BB0EE478AF0EE678A0023F9F794FFEF
:106BA000814660B10D9A01231360219B002B00F0F8
:106BB0006885864B219A1360013B0093DAE710AA9F
:106BC00011A92046B0EE480AF0EE680A01F094F9E7
:106BD000C8F30A558246002D7FD018EE903AC3F3D1
:106BE000130343F07F5351EC180B43F44013A5F209
:106BF000FF35CDF8389019460022754BF9F744FB64
:106C000067A3D3E90023F9F7F7FC67A3D3E90023CF
:106C1000F9F73CFB064628460F46F9F783FC64A3C8
:106C2000D3E90023F9F7E8FC02460B463046394623
:106C3000F9F72CFB06460F46F9F78EFF0022834634
:106C4000002330463946F9F749FF48B15846F9F76D
:106C500069FC32463B46F9F737FF08B90BF1FF3BB9
:106C6000BBF1160F57D85B4B03EBCB03D3E90023E3
:106C700051EC180BF9F732FF00284ED00BF1FF3B17
:106C800000230C93109B5B1B5A1E45BFC3F10103ED
:106C9000059300230023069254BF05930693BBF18E
:106CA000000F3CDB069BCDF82CB05B440693002321
:106CB0000893079B092B68D8052BC4BF043B079397
:106CC000079BA3F10203CCBF00250125032B00F293
:106CD0008580DFE803F02E3B3958DDE910531D4471
:106CE00005F23243202BC1BFC3F1400308FA03F879
:106CF00005F2124326FA03F3D6BFC3F1200348EA94
:106D0000030006FA03F0F9F7FDFB0122A1F1F87385
:106D1000013D0E926FE70123B3E70C90B2E7059BAC
:106D2000A3EB0B030593CBF10003089300230B9314
:106D3000BFE7002309930A9B002B52DC0123019338
:106D400004931A460A920BE00123F3E70023099308
:106D50000A9B5B4401930133012B0493B8BF0123C9
:106D6000E0690021042202F114069E423DD94160EF
:106D7000204600F09FFD0090002839D1164B0246B6
:106D800040F2AF11BDE60123E1E70125002307939F
:106D900009954FF0FF330193049300221223D1E7AA
:106DA00061436F63A787D23FB3C8608B288AC63F11
:106DB000FB799F501344D33FB98B0008D08B000858
:106DC0000000F07FB58B0008AC8B0008898B0008B1
:106DD0000000F83FC08C0008288C000801230993AC
:106DE000D7E70A9B01930493BAE701315200BAE74F
:106DF000E369009A1A60049B0E2B00F2A880002D14
:106E000000F0A580BBF1000F38DDC04B0BF00F0286
:106E100003EBC2031BF4807FD3E900674FEA2B1812
:106E200019D0BB4B51EC180BD3E90823F9F70EFD31
:106E3000CDE9020108F00F080325DFF8D492B8F17C
:106E4000000F0AD1DDE9020132463B46F9F7FEFCAC
:106E5000CDE902012BE00225EFE718F0010F08D081
:106E600030463946D9E90023F9F7C6FB0135064615
:106E70000F464FEA680809F10809E0E700F09F8033
:106E8000CBF10006A14BA24F06F00F0203EBC203A9
:106E9000D3E9002351EC180BF9F7AEFBCDE9020161
:106EA000361100230225002E7ED1002BD0D10C9B61
:106EB000DDE90289002B00F08480964B00224046D9
:106EC0004946F9F70BFE00287BD0049B002B78D0B5
:106ED000019B002B39DD904B002240464946F9F7D3
:106EE0008BFBCDE90201019E0BF1FF370135DDE996
:106EF00002892846F9F716FB42464B46F9F77CFB18
:106F0000864B0022F9F7C2F9A1F15073CDE90201D5
:106F10000393002E58D1824B002240464946F9F790
:106F2000B3F9DDE9022380468946F9F7F5FD00282B
:106F300040F09682DDE90221404601F100434946D6
:106F4000F9F7CCFD002840F089828DED028B119B72
:106F5000002BC0F24E81BBF10E0F00F34A816B4B48
:106F600003EBCB03D3E900890A9B002B80F2DC8082
:106F7000049B002B00F3D88040F06F82684B002206
:106F800040464946F9F738FBDDE90223F9F7BAFD37
:106F9000049E3746002840F04582009D312305F8C5
:106FA000013B0BF1010B41E2F20705D5D7E90023C4
:106FB000F9F722FB013501237610083773E7022524
:106FC00075E7049E5F4692E70099504B9DED027B6A
:106FD000314402910999B0EE479AF0EE679A03EBBB
:106FE000C60353E90223002944D04E490020F9F793
:106FF0002DFC53EC192BF9F747F9009D41EC190BC7
:1070000049464046F9F7A8FD0646F9F78BFA0246CD
:107010000B4640464946F9F737F9303605F8016B1B
:1070200053EC192B80468946F9F758FD002864D1A6
:1070300042464B4637490020F9F726F953EC192B05
:10704000F9F74CFD002840F0B680029B9D423FF4CA
:107050007CAF314B51EC190B0022F9F7CDFA2E4BD6
:1070600041EC190B002240464946F9F7C5FA804623
:107070008946C5E751EC170BF9F7BEFA029B009D54
:107080000F9341EC190B49464046F9F765FD06465A
:10709000F9F748FA303602460B4640464946F9F7BA
:1070A000F3F805F8016B029B9D42804689464FF03C
:1070B000000224D11B4B51EC190BF9F7E7F80246FB
:1070C0000B4640464946F9F727FD002873D153EC9B
:1070D000192B14490020F9F7D7F802460B46404611
:1070E0004946F9F7FBFC00283FF42FAF0F9D6B1EBC
:1070F0000F9315F8013C302BF8D0BB464AE0064B05
:10710000F9F77AFA80468946BDE700BFC08C0008CF
:10711000988C00080000F03F0000244000001C4054
:10712000000014400000E03FDDE90267009D424698
:107130004B4630463946F9F789FBF9F70DFD0190CA
:10714000F9F7F0F942464B46F9F756FA02460B4674
:1071500030463946F9F798F8019E049F303605F815
:10716000016B009EAE1BB74202460B4634D1F9F7C5
:107170008DF842464B4606460F46F9F7CDFCC8B996
:1071800042464B4630463946F9F79EFC10B1019B0A
:10719000DB070FD45146204600F0CCFB00230D9AAC
:1071A0002B700BF101031360219B002B3FF4E2AC29
:1071B0001D60DFE45F462B461D4613F8012D392A7A
:1071C00006D1009A9A42F7D10099302201370A700D
:1071D0001A7801321A7090E7A34B0022F9F70CFAE3
:1071E0000022002306460F46F9F76EFC00289ED0C9
:1071F000D0E7099A002A00F0CA80079A012A00F312
:10720000AD800E9A002A00F0A58003F23343089E59
:10721000059D059A1A440592069A01211A442046B2
:10722000069200F03DFC074665B1069B002B09DD88
:10723000AB42059AA8BF2B46D21A0592069AED1AC0
:10724000D31A0693089BF3B1099B002B00F0A3808F
:10725000002E10DD39463246204600F0E1FC524651
:1072600001460746204600F031FC51468046204644
:1072700000F060FBC246089B9A1B04D05146204692
:1072800000F0CEFC82460121204600F009FC0B9B59
:10729000002B064640F381801A460146204600F046
:1072A000BFFC079B012B06467ADD4FF000083369CF
:1072B00006EB8303186900F0A5FBC0F12000069BD4
:1072C000184410F01F0000F09480C0F12003042B3C
:1072D00040F38580059BC0F11C0003440593069B89
:1072E000034405440693059B002B05DD51461A46D1
:1072F000204600F0EFFC8246069B002B05DD314660
:107300001A46204600F0E6FC06460C9B002B72D085
:107310003146504600F04AFD00286CDA0023514601
:107320000A22204600F028FB099B0BF1FF3B824616
:10733000002B00F0B081002339460A22204600F0DD
:107340001BFB019B002B074600F39680079B022B3B
:1073500059DC91E0109BC3F1360358E7049B5E1E95
:10736000089BB342BFBF089B0B9A0896F31AB4BFA1
:10737000D2189E1B049BBCBF0B920026002BB7BFEC
:10738000DDE90423DDE904359D1A002341E7089E69
:10739000059D099F48E7089A70E7079B012B19DCB8
:1073A000029BBBB9039BC3F313039BB9039B23F05D
:1073B00000431B0D1B0583B1059B01330593069B01
:1073C000013306934FF001080B9B002B7FF46FAF46
:1073D000012074E74FF00008F6E79846F4E782D002
:1073E000059A1C331A440592069A1A441D440692C3
:1073F00079E70346F4E7049B002B37DC079B022B5D
:1074000034DD049B0193019B63B93146052220467C
:1074100000F0B2FA01460646504600F0C7FC0028CC
:107420003FF7BBAD0A9B009D6FEA030B4FF00008CE
:107430003146204600F07EFA002F3FF4ABAEB8F1A3
:10744000000F05D0B84503D04146204600F072FA3F
:107450003946204600F06EFA9CE600263746E1E702
:10746000BB46374699E500BF00002440099B002B2E
:1074700000F0C880049B0193002D05DD39462A46A3
:10748000204600F027FC0746B8F1000F5BD0796872
:10749000204600F00FFA054628B9834B024640F219
:1074A000EF21FFF72EBB3A690232920007F10C017F
:1074B0000C3000F0ABFF01222946204600F00AFC08
:1074C000009B01330493DDE9002313440893029BDE
:1074D00003F00103B84606930746049B3146013B7F
:1074E00050460193FFF76BFA4146029000F13009D4
:1074F000504600F05BFC3A4605903146204600F0CD
:1075000071FCC268054602BB0146504600F04EFCC5
:10751000024629462046099200F00CFA079B099A78
:10752000049D43EA0201069B194310D1B9F1390FBA
:1075300029D0059B002B02DD029B03F13109019B41
:1075400083F8009074E73846BAE70122E1E7059B2B
:10755000002B04DB07990B4306990B4320D1002A2B
:10756000EDDD51460122204600F0B4FB3146824653
:1075700000F01CFC002803DCE1D119F0010FDED083
:10758000B9F1390FD8D1019A392313702B461D4612
:10759000013B15F8012C392A6CD001321A7047E7EB
:1075A000002A07DDB9F1390FEDD0019A09F1010385
:1075B00013703DE7049B089A03F8019C934243D063
:1075C000514600230A22204600F0D6F9B8458246EB
:1075D0004FF000034FF00A024146204607D100F069
:1075E000CBF980460746049B0133049375E700F00E
:1075F000C3F93946804600230A22204600F0BCF930
:107600000746F0E7049B0193009D31465046FFF783
:10761000D6F900F13009009B05F8019BEA1A019B9D
:10762000934207DD514600230A22204600F0A4F9C8
:107630008246EAE7019B002BC8BF1D46009BD8BFCE
:1076400001251D444FF0000851460122204600F05C
:1076500041FB3146824600F0A9FB002896DC02D1AE
:1076600019F0010F92D12B461D4613F8012D302A37
:10767000FAD0DDE6009A9A4289D10BF1010B312351
:1076800096E70A4BFFF799BA219B002B7FF46DAA6E
:10769000074BFFF792BA019B002BB5DC079B022B2F
:1076A0003FF7B1AEB0E700BF288C0008888B000818
:1076B000AC8B000837B5002944D051F8043C019048
:1076C000002BA1F10404B8BFE41800F0E7F81E4A4B
:1076D0000198136833B96360146003B0BDE83040AB
:1076E00000F0E2B8A34208D9256861198B4201BFB6
:1076F00019685B6849192160EDE71A465B680BB1B0
:10770000A342FAD911685518A5420BD12468214427
:107710005418A3421160E0D11C685B6853600C44AC
:107720001460DAE702D90C230360D6E725686119F3
:107730008B4204BF19685B68636004BF491921600C
:107740005460CAE703B030BD9C050020024B0146DF
:10775000186800F023B800BF7800002070B50E4E06
:107760000C463168054611B900F040FE30602146F4
:10777000284600F03BFE431C0AD0C41C24F003043E
:10778000A04207D0211A284600F030FE013001D176
:107790004FF0FF34204670BDA00500202DE9F843CE
:1077A000CD1C25F0030508350C2D38BF0C25002D08
:1077B000074601DBA94205D90C233B600026304671
:1077C000BDE8F883DFF8D08000F068F8D8F8003022
:1077D0001C465CBB29463846FFF7C0FF431C0446E5
:1077E00055D1D8F800402646002E45D1002C48D06F
:1077F00023683146384604EB030900F0F7FD814564
:107800003FD121686D1A29463846FFF7A7FF01309E
:1078100037D023682B442360D8F80030002B38D0B1
:107820005A68A2422BD100225A600FE02268521BF4
:107830001FD40B2A17D96119A342256018BF5960BC
:10784000636808BFC8F8001062514B60384604F105
:107850000B0600F029F826F00706231DF21AAED019
:107860009B1BA350ABE7A3426268DDD1C8F80020A0
:10787000ECE723466468ACE734467668B4E7134621
:10788000CCE70C233B60384600F00EF897E7256004
:10789000DCE75B60FFDE00BF9C0500200148FFF7CE
:1078A0008CB800BF980500200148FFF787B800BFDB
:1078B0009805002070B5C66904460D4676B91020BB
:1078C000FFF744FF0246E06120B9184B18486B21CE
:1078D00000F0AAFDC0E901660660C660E669F368CB
:1078E00083B1E369DB6853F82500B8B9012101FAD7
:1078F00005F6721D9200204600F0B4FD60B1C0E9AB
:1079000001560EE021220421204600F0ABFDE36980
:10791000F060DB68002BE4D1002070BD026843F802
:1079200025200023C0E90333F7E700BFB98B000827
:10793000398C000870B5C66905460C4676B910202A
:10794000FFF704FF0246E86120B9094B09488F217F
:1079500000F06AFDC0E901660660C6603CB1EB69F3
:107960006268DB6853F82210216043F8224070BD42
:10797000B98B0008398C00082DE9F0410D690746E4
:107980000C461E4601F1140C0020DCF8003099B2C0
:1079900002FB01611E0C0B0C02FB063389B20130A5
:1079A00001EB034185424CF8041B4FEA1346ECDC23
:1079B0000EB3A368AB4219DC616838460131FFF7AA
:1079C00079FF804628B902460C4B0D48BA2100F0D9
:1079D0002BFD2269023204F10C0192000C3000F000
:1079E00015FD21463846FFF7A5FF444604EB850305
:1079F00001355E6125612046BDE8F081288C0008D4
:107A0000398C0008030C1B04D3B90004102310F0B8
:107A10007F4F04BF0002083310F0704F04BF000115
:107A2000043310F0404F04BF80000233002805DB10
:107A300010F0804F03F1010308BF20231846704760
:107A40000023E4E7036813F007020CD0D90722D41F
:107A50009A0749BF5B089B08036001225CBF036073
:107A600002221046704799B209B91B0C1022D9B2F4
:107A700009B908321B0A190704BF1B090432990708
:107A800004BF9B080232D90703D45B0802F101024C
:107A900003D00360E5E70022E3E72022E1E70000EE
:107AA00010B50C460121FFF705FF024628B9054B2A
:107AB000054840F2451100F0B7FC01234461036121
:107AC00010BD00BF288C0008398C00082DE9F04F4C
:107AD00091460A69D9F810309A42B8BF0B460C4655
:107AE000BCBF4C4699462769D9F810A0A3686168C5
:107AF00007EB0A06B34285B0B8BF0131FFF7DAFEE3
:107B000030B90246444B45484FF4B17100F08CFC4B
:107B100000F1140505EB86082B460022434521D3CE
:107B200004F1140303EB870709F1140303EB8A0242
:107B300002923A1B153A22F00302043204F11501B5
:107B40008F4238BF04220192029A03939A420CD8C2
:107B5000002E03DD58F8043D002B5BD0066105B014
:107B6000BDE8F08F43F8042BD8E7B3F800A0BAF1D2
:107B7000000F24D004F1140EA9464FF0000C5EF85B
:107B8000042BD9F800101FFA82FB89B20AFB0B11F3
:107B90004FEA124BD9F8002061444FEA124C0AFB1D
:107BA0000BC202EB114289B241EA0241774549F822
:107BB000041B4FEA124CE2D8019A45F802C0039A1E
:107BC000B2F802900433B9F1000F21D0296804F112
:107BD000140CAE464FF0000ABCF800B0BEF802200C
:107BE00009FB0B22524489B241EA02414EF8041BC0
:107BF0005CF8041B4FEA114ABEF8001009FB0A1199
:107C000001EB124167454FEA114AE5D8019AA950A4
:107C1000043599E7013E9BE7288C0008398C000861
:107C20002DE9F843154612F0030206460F4607D029
:107C3000254C013A002354F82220FFF79DFE074609
:107C4000AD103DD0F4697CB91020FFF77FFD0246EE
:107C5000F06128B91D4B1E4840F2B31100F0E4FB5F
:107C6000C0E901440460C460D6F81C80D8F808401C
:107C70004CB940F271213046FFF712FF0023C8F8DB
:107C80000800044603604FF00009EB070AD53946A7
:107C900022463046FFF71AFF394680463046FFF746
:107CA00049FE47466D100BD0206838B92246214660
:107CB0003046FFF70BFF2060C0F800900446E4E771
:107CC0003846BDE8F88300BF888D0008B98B0008EE
:107CD000398C00082DE9F0470C464968236903EB0D
:107CE0006218A368074691464FEA621A08F1010636
:107CF000B3420BDB3846FFF7DDFD054648B90246C7
:107D0000284B29484FF4EF7100F08EFB01315B00E6
:107D1000EEE7002300F1140100F11002184653456C
:107D200033DB20692AEAEA7A04F1140319F01F0907
:107D300001EB8A0103EB800C2BD0C9F1200E8A469F
:107D40000022186800FA09F010434AF8040B53F8AF
:107D5000042B9C4522FA0EF2F3D8ACEB0403153B3E
:107D600023F00303043304F11500844538BF0423D2
:107D7000CA500AB108F10206013E38462E6121467A
:107D8000FFF7D8FD2846BDE8F08742F8040F01331D
:107D9000C5E7043953F8042B41F8042F9C45F9D862
:107DA000EAE700BF288C0008398C000830B502696A
:107DB0000C69121B0ED100F11403143103EB840083
:107DC00001EB840150F8045D51F8044DA54203D045
:107DD00005D30122104630BD8342F3D3FAE74FF0BA
:107DE000FF32F7E72DE9F84F0C46064611462046CC
:107DF0009046FFF7DBFF051E10D129463046FFF7FE
:107E000059FD30B93A4B024640F23721394800F06B
:107E10000BFB0123C0E90435BDE8F88FA4BF43463E
:107E2000A0463046D8F80410A6BF1C460025012500
:107E3000FFF740FD20B92E4B024640F24521E5E711
:107E4000D8F810702669C56004F1140908F114050A
:107E500000F1140E05EB870C09EB860608F1100201
:107E6000F246002159F8043B52F804BF11FA8BF88E
:107E700099B21B0CA8EB0108C3EB1B4303EB28438F
:107E80001FFA88F819144E4548EA03434AF8043BA0
:107E9000E8D8331B153B23F0030304331534A64203
:107EA00038BF04231D4473449E462E4666450ED3B8
:107EB0000CF10302521B22F00302033DAC4538BF14
:107EC0000022134453F8042D7AB10761A4E756F851
:107ED000048B11FA88F2141404EB184492B242EAAB
:107EE00004424EF8042B2114E0E7013FEAE700BF0B
:107EF000288C0008398C00082DE9F7430F46012132
:107F000059EC108B1646FFF7D5FC044630B90246F3
:107F1000244B254840F20F3100F086FAC9F30A5588
:107F2000C9F313032DBB0193B8F1000326D06846B3
:107F30000093FFF787FDDDE90012E8B1C0F12003EF
:107F400002FA03F30B43C24063610192019BA361F8
:107F5000002B14BF022201222261BDB1A5F23345DC
:107F600005443D60C0F135003060204603B0BDE8F7
:107F7000F08343F48013D6E76161E7E701A8FFF7D8
:107F800061FD019B636120300122E5E704EB820380
:107F9000A0F2324038601869FFF734FDC0EB4210A0
:107FA000E2E700BF288C0008398C00082DE9F04773
:107FB0008E681F46BE420B6882460C4690462CD8FF
:107FC0008A8912F4906F26D06569096905EB450529
:107FD000A3EB010905EBD5757B1C4B446D109D424D
:107FE00038BF1D46530527D52946FFF7D7FB064660
:107FF00060B321694A4600F009FAA38923F490632B
:1080000043F08003A381266165614E44A5EB090519
:108010002660A5603E46BE4200D93E4620683246F4
:10802000414600F0C9F9A3689B1BA3602368334451
:1080300023600020BDE8F0872A4600F03BFA0646A0
:108040000028E0D121695046FFF734FB0C23CAF821
:108050000030A38943F04003A3814FF0FF30E9E7EC
:108060002DE9F04F98468B891B069DB007460D46BB
:1080700014460ED50B6963B94021FFF78FFB2860CA
:10808000286120B90C233B604FF0FF30D0E0402343
:108090006B610023099320238DF82930CDF80C80E3
:1080A0003023DFF8A4818DF82A304FF001092346F0
:1080B0009A4613F8012B0AB1252AF9D1BAEB040B21
:1080C0000BD05B46224629463846FFF76FFF01304A
:1080D00000F0A980099A5A4409929AF80030002BBE
:1080E00000F0A18000234FF0FF32CDE905230AF113
:1080F000010A049307938DF853301A9354460522CE
:1081000014F8011B5048F8F763F8049AD8B9D00660
:1081100044BF20238DF85330110744BF2B238DF823
:1081200053309AF800302A2B15D0079A5446002075
:108130004FF00A0C214611F8013B303B092B4DD979
:10814000B0B1079214E0A0EB080309FA03F313435C
:108150000493A246D2E7039B191D1B680391002BD1
:10816000BBBF5B4242F0020207930793B8BF049281
:1081700023782E2B0CD163782A2B34D1039B1A1D24
:108180001B680392002BB8BF4FF0FF3302340593F6
:10819000DFF8C4A0217803225046F8F719F838B167
:1081A000049BA0EB0A004022824013430134049355
:1081B00014F8011B25488DF828100622F8F708F856
:1081C000002838D0224B1BBB039B073323F0070347
:1081D00008330393099B3344099368E70CFB02328D
:1081E0000C460120A6E700230134059319464FF001
:1081F0000A0C204610F8012B303A092A03D9002B2B
:10820000C6D00591C4E70CFB012104460123F0E729
:1082100003AB00932A460F4B04A93846FDF764FED2
:10822000421C0646D6D1AB895B063FF52DAF0998B7
:108230001DB0BDE8F08F03AB00932A46054B04A99F
:108240003846FEF7F5F8EBE7948D00089E8D0008A0
:10825000E95E0008AD7F00089A8D00088A892DE943
:10826000F041054610070C4658D44B68002B05DC3E
:108270000B6C002B02DC0020BDE8F081E66A002ECA
:10828000F9D0002312F480522F68216A2B6032D07B
:10829000606DA3895A0705D56368C01A636B0BB17B
:1082A000236CC01A00230246E66A216A2846B047BA
:1082B000431CA38906D129681D292BD8294A0A41C4
:1082C000D60727D400226260D9042269226004D52F
:1082D000421C01D12B6803B96065616B2F600029D6
:1082E000C9D004F14403994202D02846FFF7E2F9CD
:1082F00000206063C0E701232846B047411CC8D175
:108300002B68002BC5D01D2B01D0162B01D12F605F
:10831000B1E7A38943F04003A381ADE70F69002FC4
:10832000A9D093070E6808BF4B690F6018BF0023E0
:10833000A6EB07088B60B8F1000F9CDD216AA66AE6
:1083400043463A462846B047002806DCA38943F056
:108350004003A3814FF0FF308EE70744A8EB0008ED
:10836000E9E700BFFEFFBFDF38B50B6905460C46E5
:1083700013B90025284638BD18B1036A0BB9FEF7BA
:1083800005FAB4F90C30002BF3D0626ED00704D498
:10839000990502D4A06DFEF710FB28462146FFF791
:1083A0005DFF636EDA070546E4D4A3899B05E1D43B
:1083B000A06DFEF703FBDDE7884210B501EB020478
:1083C00002D98442234607D8431EA14208D011F89F
:1083D000012B03F8012FF8E7024401468A4200D13D
:1083E00010BD13F8014D02F8014DF7E738B5064D01
:1083F0000023044608462B60FAF71EFA431C02D1FC
:108400002B6803B1236038BD940500200A449142D3
:1084100000F1FF3300D1704710B511F8014B03F89C
:10842000014F9142F9D110BD1FB514461A46094BB0
:108430001B680546D8684CB1074B0091CDE9013463
:1084400006492B4600F072F800F082F8044B1C46F7
:10845000F3E700BF78000020AF8D0008BC8D000856
:10846000EA8D000837B5A1FB02244CB911460192F0
:10847000FFF794F9019A054630B9284603B030BD9C
:108480000C2202600025F8E72146FEF718FAF4E70F
:1084900082B001B901A942B14BB113780B601278D7
:1084A000101E18BF012002B070471046FBE76FF0A6
:1084B0000100F8E72DE9F041804614460E4621B947
:1084C000BDE8F0411146FFF769B92AB9FFF7F2F8A4
:1084D00025462846BDE8F08100F041F88442074671
:1084E00002D8B4EB500F12D821464046FFF756F998
:1084F00005460028EDD0BC422246314628BF3A4608
:10850000FFF784FF31464046FFF7D4F8E1E73546F0
:10851000DFE749B1FF2A85BF8A2303600A704FF065
:10852000FF3098BF01207047084670470EB403B56E
:10853000014603AB054853F8042B0068019300F093
:108540003FF802B05DF804EB03B0704778000020FC
:1085500008B5062000F00CFA0120FAF7F5F851F8FA
:10856000043C181F002BBCBF0B58C0187047936801
:10857000013B002B10B4936008DA9469A34201DB3D
:108580000A2903D15DF8044B00F034B91368581C74
:108590001060197008465DF8044B7047F8B5064640
:1085A0000F461446D518AC4201D1002007E014F85C
:1085B000011B3A463046FFF7DAFF431CF3D1F8BD02
:1085C0002DE9F04F0D469DB014469846064618B169
:1085D000036A0BB9FEF7DAF86B6ED90705D4AB89DD
:1085E0009A0502D4A86DFEF7E8F9AB891B0701D5FF
:1085F0002B699BB92946304600F03AF970B16B6E91
:10860000DC0704D54FF0FF301DB0BDE8F08FAB891B
:108610009805F7D4A86DFEF7D1F9F3E70023099385
:1086200020238DF82930CDF80C803023DFF8B0817D
:108630008DF82A304FF0010923469A4613F8012B92
:108640000AB1252AF9D1BAEB040B0BD05B462246BE
:1086500029463046FFF7A2FF013000F0A980099AB1
:108660005A4409929AF80030002B00F0A1800023B0
:108670004FF0FF32CDE905230AF1010A0493079375
:108680008DF853301A935446052214F8011B5448B0
:10869000F7F79EFD049AD8B9D10644BF20238DF880
:1086A0005330130744BF2B238DF853309AF8003012
:1086B0002A2B15D0079A544600204FF00A0C214669
:1086C00011F8013B303B092B4DD9B0B1079214E0B2
:1086D000A0EB080309FA03F313430493A246D2E77D
:1086E000039B191D1B680391002BBBBF5B4242F02B
:1086F000020207930793B8BF049223782E2B0CD164
:1087000063782A2B34D1039B1A1D1B680392002B1C
:10871000B8BF4FF0FF3302340593DFF8D4A02178BF
:1087200003225046F7F754FD38B1049BA0EB0A0032
:108730004022824013430134049314F8011B29485A
:108740008DF828100622F7F743FD00283FD0264B6E
:108750001BBB039B073323F0070308330393099BD9
:108760003B44099368E70CFB02320C460120A6E764
:1087700000230134059319464FF00A0C204610F8E7
:10878000012B303A092A03D9002BC6D00591C4E742
:108790000CFB012104460123F0E703AB00932A46BA
:1087A000124B04A93046FDF79FFB0746781CD6D133
:1087B0006B6ED90705D4AB899A0502D4A86DFEF774
:1087C000FDF8AB895B063FF51DAF09981CE703ABCD
:1087D00000932A46054B04A93046FDF729FEE4E73D
:1087E000948D00089E8D0008E95E00089D850008B4
:1087F0009A8D0008F8B50E461446054618B1036A6E
:108800000BB9FDF7C3FFA369A360A3891A0725D598
:1088100023691BB323682269981A6369F6B28342FD
:10882000374604DC21462846FFF79EFDE0B9A368E1
:10883000013BA36023685A1C22601E706269431CBE
:108840009A4204D0A389DB0706D50A2E04D121461B
:108850002846FFF789FD38B93846F8BD2146284635
:1088600000F006F80028D5D04FF0FF37F4E70000FD
:1088700038B52A4B054618680C4618B1036A0BB97F
:10888000FDF784FFA389B4F90C20180722D4D90678
:1088900007D409232B6042F04003A3814FF0FF303F
:1088A00034E0580712D5616B41B104F14403994299
:1088B00002D02846FEF7FEFE00236363A38923F05F
:1088C0002403A3810023636023692360A38943F009
:1088D0000803A38123694BB9A38903F42073B3F57B
:1088E000007F03D02146284600F084F8A089B4F91F
:1088F0000C2010F001030AD00023A36063695B42DF
:10890000A361236943B910F08000C4D138BD810749
:1089100058BF6369A360F4E70020F7E77800002000
:108920001F2938B504460D4604D9162303604FF0BD
:10893000FF3038BDC26B12B152F821304BB920461E
:1089400000F030F82A4601462046BDE8384000F0E5
:1089500017B8012B0AD0591C03D11623036001203C
:10896000E7E7002442F82540284698470020E0E742
:10897000024B01461868FFF7D3BF00BF7800002004
:1089800038B5074D00230446084611462B60F9F719
:10899000CBFE431C02D12B6803B1236038BD00BF5E
:1089A00094050020F9F7B8BE70B50C46B1F90E1069
:1089B000002996B015461E460DDAA38913F0800FE4
:1089C0004FF000010CBF4FF4806340230020316062
:1089D0002B6016B070BD6A4600F048F80028ECDB4A
:1089E000019901F47041A1F50053594259414FF4E6
:1089F0008063EBE78B8973B59D0706460C4607D568
:108A000004F14703236023610123636102B070BD59
:108A100001AB6A46FFF7C8FF009905463046FEF7EE
:108A2000BDFE48B9B4F90C309A05EFD423F0030326
:108A300043F00203A381E3E7A389206043F08003AE
:108A4000A381009B6361019B20615BB1B4F90E10AF
:108A5000304600F01DF828B1A38923F0030343F04A
:108A60000103A381A3891D43A581CFE738B5074D35
:108A700000230446084611462B60F9F7B4FE431C58
:108A800002D12B6803B1236038BD00BF94050020DC
:108A900038B5064D0023044608462B60F9F7B3FEAF
:108AA000431C02D12B6803B1236038BD940500201C
:108AB000F8B500BFF8BC08BC9E467047F8B500BFCB
:088AC000F8BC08BC9E4670479B
:108AC800543A252E31662A4300000000483A252EE4
:108AD800316600002154656D7023252E3166210012
:108AE8002148756D6923252E3166210025303264B1
:108AF8003A25303264000000253032642D253032AA
:108B0800642D323025303264000000005354415443
:108B1800453A20256400000025733A2025640000AA
:108B280048656C6C6F20776F726C642100000000E0
:108B3800486F7572000000004D696E75746500001D
:108B4800446179206F66206D6F6E746800000000C4
:108B58004D6F6E7468000000000000000000000007
:108B680001020304060708090000000001020304CB
:108B7800494E4600696E66004E414E006E616E00B9
:108B88003000303132333435363738394142434496
:108B9800454600303132333435363738396162630F
:108BA80064656600496E66696E697479004E614E47
:108BB800005245454E54206D616C6C6F632073758F
:108BC80063636565646564002F6275696C642F670B
:108BD8006E752D746F6F6C732D666F722D73746D57
:108BE80033325F31312E332E72656C312E32303292
:108BF80033303931322D313630302F7372632F6E66
:108C080065776C69622F6E65776C69622F6C696233
:108C1800632F7374646C69622F64746F612E6300D0
:108C280042616C6C6F63207375636365656465642A
:108C3800002F6275696C642F676E752D746F6F6C89
:108C4800732D666F722D73746D33325F31312E332D
:108C58002E72656C312E32303233303931322D314B
:108C68003630302F7372632F6E65776C69622F6EA2
:108C780065776C69622F6C6962632F7374646C69C1
:108C8800622F6D707265632E6300000000000000A3
:108C98000080E03779C34143176E05B5B5B89346F0
:108CA800F5F93FE9034F384D321D30F94877825ABC
:108CB8003CBF737FDD4F1575000000000000F03FDA
:108CC800000000000000244000000000000059409F
:108CD8000000000000408F40000000000088C340F2
:108CE80000000000006AF8400000000080842E4167
:108CF80000000000D01263410000000084D79741B3
:108D08000000000065CDCD41000000205FA00242B8
:108D1800000000E876483742000000A2941A6D422D
:108D2800000040E59C30A2420000901EC4BCD64220
:108D380000003426F56B0C430080E03779C34143CB
:108D480000A0D8855734764300C84E676DC1AB4341
:108D5800003D9160E458E143408CB5781DAF15445F
:108D680050EFE2D6E41A4B4492D54D06CFF080443A
:108D7800F64AE1C7022DB544B49DD9794378EA444F
:108D880005000000190000007D000000232D302B95
:108D98002000686C4C0065666745464700430050F4
:108DA8004F534958002E002C2066756E6374696F06
:108DB8006E3A2000617373657274696F6E202225A4
:108DC8007322206661696C65643A2066696C652067
:108DD800222573222C206C696E6520256425732555
:108DE800730A000020202020202020202028282866
:108DF800282820202020202020202020202020205B
:108E080020202020881010101010101010101010A2
:108E180010101010040404040404040404041010C2
:108E2800101010101041414141414101010101015F
:108E3800010101010101010101010101010101100B
:108E48001010101010424242424242020202020234
:108E580002020202020202020202020202020210DC
:108E680010101020000000000000000000000000AA
:108E780000000000000000000000000000000000EA
:108E880000000000000000000000000000000000DA
:108E980000000000000000000000000000000000CA
:108EA80000000000000000000000000000000000BA
:108EB80000000000000000000000000000000000AA
:108EC800000000000000000000000000000000009A
:108ED800000000000000000000000000000000008A
:048EE8000000000086
:088EEC008C7DFF7F01000000F6
:048EF400B5010008BC
:048EF80091010008DC
:108EFC0000010002000400000000024000000240DB
:108F0C00000002400024F4001000000001000000EA
:108F1C0000000000030000005804002000000000C6
:108F2C0058040020C0040020280500200000000088
:108F3C000000000000000000000000000000000025
:108F4C000000000000000000000000000000000015
:108F5C000000000000000000000000000000000005
:108F6C0000000000000000002C0000204300000066
:108F7C0000000000000000000000000000000000E5
:108F8C000000000000000000000000004300000092
:108F9C0000000000000000000000000000000000C5
:108FAC000000000000000000000000004300000072
:108FBC0000000000000000000000000000000000A5
:108FCC000000000000000000000000004300000052
:108FDC000000000000000000000000000000000085
:108FEC000000000000000000000000004300000032
:108FFC000000000000000000000000000000000065
:10900C000000000000000000000000004300000011
:10901C000000000000000000000000000000000044
:10902C0000000000000000000000000043000000F1
:10903C000000000000000000000000000000000024
:10904C000000000000000000000000001385000874
:10905C009184000800000000EB8D0008AD8D000825
:10906C00EA8D0008EA8D0008EA8D0008EA8D0008F8
:10907C00EA8D0008EA8D0008EA8D0008EA8D0008E8
:10908C00EA8D0008FFFFFFFFFFFFFFFFFFFFFFFF61
:10909C00FFFF00000100415343494900000000005C
:1090AC0000000000000000000000000000000000B4
:1090BC00000000000000415343494900000000003B
:1090CC000000000000000000000000000000000094
:0890DC0000000000000000008C
:04000005080028C9FE
:00000001FF
